source,apt_name,area,floor,price,deal_date,built_year,dong
molit,호수공원(대림1),87.152,13,69300,2024-07-17,2001,고잔동
molit,휴먼시아3단지,84.87,15,40500,2024-07-20,2009,신길동
molit,군자주공10,46.98,3,36000,2024-07-20,1989,선부동
molit,이편한세상선부역어반스퀘어,74.95,23,60500,2024-07-20,2020,선부동
molit,초지역메이저타운푸르지오파크단지,72.7925,12,68800,2024-07-28,2019,초지동
molit,e편한세상초지역센트럴포레,59.974,3,55000,2024-07-13,2021,원곡동
molit,센트럴푸르지오,84.9529,5,82500,2024-07-27,2018,고잔동
molit,안산메트로타운푸르지오힐스테이트,74.6673,34,46800,2024-07-11,2018,선부동
molit,서해그랑블,71.939,1,37000,2024-07-23,2004,초지동
molit,군자주공11,39.27,4,22450,2024-07-17,1990,선부동
molit,동명벽산블루밍,84.94,8,51000,2024-07-31,2010,선부동
molit,푸르지오3차,101.95,2,66000,2024-07-30,2003,고잔동
molit,대우푸르지오5,84.807,7,58000,2024-07-28,2003,고잔동
molit,안산8차푸르지오,59.9624,15,37000,2024-07-31,2006,원곡동
molit,군자주공10,46.98,3,36000,2024-07-20,1989,선부동
molit,힐스테이트중앙,59.9633,18,63500,2024-07-27,2018,고잔동
molit,동명벽산블루밍,84.94,8,51000,2024-07-31,2010,선부동
molit,주공그린빌14단지,59.76,8,34500,2024-07-26,2002,초지동
molit,공작한양(고층),84.88,11,38000,2024-07-10,1992,선부동
molit,안산신길온천역휴먼빌,59.8411,19,33000,2024-07-31,2005,신길동
molit,주공그린빌13단지,51.89,10,29500,2024-07-30,2002,초지동
molit,네오빌6단지,84.56,10,51500,2024-07-24,2000,고잔동
molit,서해그랑블,114.785,15,61000,2024-07-31,2004,초지동
molit,초지역메이저타운푸르지오에코단지,49.4932,4,48000,2024-07-27,2019,원곡동
molit,주공그린빌11,75.99,3,41000,2024-07-28,2003,초지동
molit,군자주공12,38.64,4,18000,2024-07-29,1991,선부동
molit,안산레이크타운푸르지오,84.8211,42,95000,2024-07-31,2016,고잔동
molit,경남아너스빌,59.99,19,37000,2024-07-19,2005,원곡동
molit,안산신길온천역휴먼빌,84.9773,13,41500,2024-07-17,2005,신길동
molit,호수마을풍림,84.96,3,46000,2024-07-27,2000,초지동
molit,e편한세상초지역센트럴포레,49.944,17,47500,2024-07-28,2021,원곡동
molit,군자주공14,39.61,4,19000,2024-07-31,1992,선부동
molit,안산라프리모,74.8727,20,56000,2024-07-29,2020,선부동
molit,푸르지오3차,84.96,1,66900,2024-07-22,2003,고잔동
molit,푸르지오3차,84.96,22,71500,2024-07-27,2003,고잔동
molit,이편한세상선부역어반스퀘어,59.93,7,50800,2024-07-27,2020,선부동
molit,e편한세상초지역센트럴포레,84.996,6,74300,2024-07-29,2021,원곡동
molit,군자주공12,38.64,12,22200,2024-07-26,1991,선부동
molit,이편한세상선부역어반스퀘어,59.93,11,49200,2024-07-30,2020,선부동
molit,안산라프리모,84.9673,25,60000,2024-07-27,2020,선부동
molit,e편한세상초지역센트럴포레,59.974,6,57800,2024-07-23,2021,원곡동
molit,주공그린빌11,75.99,12,39000,2024-07-17,2003,초지동
molit,네오빌6단지,84.5,7,55000,2024-07-16,2000,고잔동
molit,군자주공10,39.66,3,30500,2024-07-26,1989,선부동
molit,서해그랑블,135.572,24,58700,2024-07-27,2004,초지동
molit,군자주공15(저층),46.99,2,25600,2024-07-18,1992,선부동
molit,호수공원(대림1),87.152,13,69300,2024-07-17,2001,고잔동
molit,주공그린빌8,84.7,4,56000,2024-07-25,2001,고잔동
molit,휴먼시아4단지,74.53,5,37000,2024-07-23,2012,신길동
molit,서해그랑블,71.939,1,37000,2024-07-23,2004,초지동
molit,안산아이파크,72.57,10,43000,2024-07-26,2013,신길동
molit,휴먼시아3단지,84.87,15,40500,2024-07-20,2009,신길동
molit,주공그린빌11,75.99,12,44800,2024-07-22,2003,초지동
molit,주공그린빌13단지,51.75,13,27100,2024-07-30,2002,초지동
molit,주공그린빌14단지,59.76,8,34000,2024-07-23,2002,초지동
molit,주공그린빌9,75.58,1,44400,2024-07-19,2001,고잔동
molit,주공그린빌9,84.5,7,53000,2024-07-23,2001,고잔동
molit,안산메트로타운푸르지오힐스테이트,59.8167,33,41500,2024-07-24,2018,선부동
molit,e편한세상초지역센트럴포레,59.974,29,60000,2024-07-27,2021,원곡동
molit,양지마을,101.913,6,59400,2024-07-24,2001,고잔동
molit,이편한세상선부역어반스퀘어,74.95,35,59500,2024-07-26,2020,선부동
molit,그린빌15(해맑음마을),40.83,5,19500,2024-07-25,2002,초지동
molit,안산신길온천역휴먼빌,84.9773,10,37000,2024-07-12,2005,신길동
molit,푸르지오3차,84.96,20,69800,2024-07-18,2003,고잔동
molit,e편한세상초지역센트럴포레,49.944,25,47300,2024-07-29,2021,원곡동
molit,그린빌15(해맑음마을),59.97,6,33800,2024-07-24,2002,초지동
molit,공작한양(저층),50.085,2,25500,2024-07-15,1992,선부동
molit,그린빌18,39.99,6,19400,2024-07-19,2001,초지동
molit,주공8,75.24,10,38000,2024-07-25,1987,고잔동
molit,푸르지오4차,59.7897,19,44500,2024-07-20,2003,고잔동
molit,e편한세상초지역센트럴포레,72.984,12,67000,2024-07-20,2021,원곡동
molit,안산아이파크,72.77,2,39500,2024-07-27,2013,신길동
molit,초지역메이저타운푸르지오메트로단지,72.7925,25,76500,2024-07-20,2019,초지동
molit,안산레이크타운푸르지오,84.8499,1,79500,2024-07-26,2016,고잔동
molit,호수공원(대림1),87.152,7,62000,2024-07-19,2001,고잔동
molit,두산위브,84.98,18,60900,2024-07-31,2015,초지동
molit,안산라프리모,74.926,3,53800,2024-07-27,2020,선부동
molit,호수마을풍림,118.96,5,51000,2024-07-23,2000,초지동
molit,천년가리더스카이,84.6615,17,45700,2024-07-17,2020,와동
molit,안산메트로타운푸르지오힐스테이트,74.4993,34,47600,2024-07-27,2018,선부동
molit,공작한양(저층),70.0025,3,32800,2024-07-19,1992,선부동
molit,군자주공15(저층),40.0,4,19000,2024-07-15,1992,선부동
molit,호수마을풍림,84.96,10,42000,2024-07-16,2000,초지동
molit,초지역메이저타운푸르지오파크단지,72.7925,12,68800,2024-07-28,2019,초지동
molit,군자주공11,46.65,1,25800,2024-07-29,1990,선부동
molit,주공그린빌14단지,59.88,8,32500,2024-07-19,2002,초지동
molit,주공그린빌8,75.77,8,52000,2024-07-20,2001,고잔동
molit,주공5,47.1,1,45000,2024-07-22,1986,고잔동
molit,고잔롯데캐슬골드파크,84.96,17,72000,2024-07-18,2018,고잔동
molit,군자주공14,46.99,1,22500,2024-07-11,1992,선부동
molit,주공7,66.56,8,34000,2024-07-12,1987,고잔동
molit,주공그린빌7,75.56,12,49000,2024-07-17,2001,고잔동
molit,일신건영휴먼빌,84.991,4,30000,2024-07-26,2005,선부동
molit,고잔롯데캐슬골드파크,59.98,5,53900,2024-07-16,2018,고잔동
molit,안산메트로타운푸르지오힐스테이트,84.9123,2,50000,2024-07-28,2018,선부동
molit,서해그랑블,71.939,11,41700,2024-07-09,2004,초지동
molit,일신건영휴먼빌,84.417,4,31500,2024-07-25,2005,선부동
molit,롯데캐슬더퍼스트,59.98,24,48500,2024-07-09,2018,초지동
molit,안산라프리모,84.9673,20,59800,2024-07-17,2020,선부동
molit,한화꿈에그린,84.9146,20,47500,2024-07-19,2006,원곡동
molit,그린빌18,39.3,1,18000,2024-07-20,2001,초지동
molit,안산레이크타운푸르지오,98.8302,5,118000,2024-07-26,2016,고잔동
molit,그린빌18,39.99,10,20600,2024-07-16,2001,초지동
molit,호수마을풍림,142.78,5,52000,2024-07-23,2000,초지동
molit,안산메트로타운푸르지오힐스테이트,84.5304,42,50000,2024-07-28,2018,선부동
molit,주공그린빌13단지,51.75,8,28500,2024-07-23,2002,초지동
molit,초지역메이저타운푸르지오에코단지,49.4932,14,48300,2024-07-20,2019,원곡동
molit,고잔롯데캐슬골드파크,59.98,27,54300,2024-07-19,2018,고잔동
molit,초지역메이저타운푸르지오에코단지,84.6097,31,84000,2024-07-24,2019,원곡동
molit,푸르지오3차,101.95,12,76900,2024-07-12,2003,고잔동
molit,안산8차푸르지오,84.9897,8,46200,2024-07-31,2006,원곡동
molit,주공그린빌14단지,49.77,8,27000,2024-07-27,2002,초지동
molit,주공그린빌7,84.58,13,53000,2024-07-31,2001,고잔동
molit,호수마을풍림,74.35,1,39200,2024-07-11,2000,초지동
molit,안산푸르지오브리파크,59.7615,1,48000,2024-07-29,2023,원곡동
molit,푸르지오3차,71.55,3,60000,2024-07-27,2003,고잔동
molit,호수공원(대림1),87.152,4,58000,2024-07-20,2001,고잔동
molit,보네르빌리지,116.843,19,65400,2024-07-04,2001,고잔동
molit,이편한세상선부역어반스퀘어,74.95,23,60500,2024-07-20,2020,선부동
molit,한화꿈에그린,84.9146,18,49000,2024-07-13,2006,원곡동
molit,롯데캐슬더퍼스트,84.97,18,62500,2024-07-17,2018,초지동
molit,안산8차푸르지오,84.9897,7,43800,2024-07-29,2006,원곡동
molit,초지역메이저타운푸르지오파크단지,72.7925,9,69000,2024-07-11,2019,초지동
molit,벽산블루밍,59.95,13,37500,2024-07-10,2004,원곡동
molit,그린빌15(해맑음마을),40.83,1,18000,2024-07-07,2002,초지동
molit,그린빌15(해맑음마을),49.74,7,28450,2024-07-07,2002,초지동
molit,군자주공11,39.66,5,19500,2024-07-30,1990,선부동
molit,e편한세상초지역센트럴포레,59.974,3,55000,2024-07-13,2021,원곡동
molit,군자주공12,44.94,5,25100,2024-07-27,1991,선부동
molit,천년가리더스카이,74.9807,19,39800,2024-07-02,2020,와동
molit,그린빌15(해맑음마을),59.97,2,32000,2024-07-13,2002,초지동
molit,e편한세상초지역센트럴포레,49.944,19,47800,2024-07-24,2021,원곡동
molit,e편한세상초지역센트럴포레,59.974,11,58000,2024-07-27,2021,원곡동
molit,호수공원(대림1),134.878,1,69000,2024-07-22,2001,고잔동
molit,안산레이크타운푸르지오,84.7053,1,80500,2024-07-22,2016,고잔동
molit,주공5,46.74,5,45000,2024-07-22,1986,고잔동
molit,안산레이크타운푸르지오,84.7053,4,60200,2024-07-25,2016,고잔동
molit,주공5,39.72,3,41400,2024-07-19,1986,고잔동
molit,주공8,64.62,13,31500,2024-07-15,1987,고잔동
molit,주공(9단지),64.62,10,36200,2024-07-15,1986,고잔동
molit,두산위브,84.98,10,59300,2024-07-20,2015,초지동
molit,힐스테이트중앙,59.9929,16,66400,2024-07-18,2018,고잔동
molit,주공7,61.52,12,27000,2024-07-16,1987,고잔동
molit,벽산블루밍,59.95,3,34000,2024-07-26,2004,원곡동
molit,주공(9단지),64.62,7,38000,2024-07-10,1986,고잔동
molit,군자주공9,39.66,1,28000,2024-07-13,1989,선부동
molit,호수마을풍림,84.96,7,44000,2024-07-04,2000,초지동
molit,주공(9단지),64.62,4,35000,2024-07-23,1986,고잔동
molit,센트럴푸르지오,84.9604,27,86000,2024-07-17,2018,고잔동
molit,주공5,46.74,5,54500,2024-07-23,1986,고잔동
molit,군자주공9,39.27,2,27500,2024-07-12,1989,선부동
molit,주공그린빌9,84.5,2,49700,2024-07-23,2001,고잔동
molit,두산위브,84.98,13,59000,2024-07-27,2015,초지동
molit,주공8,64.62,15,30450,2024-07-20,1987,고잔동
molit,안산레이크타운푸르지오,84.8211,38,104000,2024-07-26,2016,고잔동
molit,고잔롯데캐슬골드파크,84.96,19,71500,2024-07-06,2018,고잔동
molit,안산라프리모,84.9673,4,58000,2024-07-26,2020,선부동
molit,안산레이크타운푸르지오,59.5637,19,71000,2024-07-22,2016,고잔동
molit,안산레이크타운푸르지오,59.5637,15,69800,2024-07-20,2016,고잔동
molit,주공그린빌9,75.58,6,49000,2024-07-17,2001,고잔동
molit,동명벽산블루밍,59.98,4,42500,2024-07-27,2010,선부동
molit,포레나안산고잔,59.9803,26,53500,2024-07-09,2023,고잔동
molit,그린빌18,49.86,10,25500,2024-07-25,2001,초지동
molit,한화꿈에그린,74.2317,15,44000,2024-07-16,2006,원곡동
molit,삼익,84.96,12,30900,2024-07-01,1998,신길동
molit,벽산블루밍,84.99,21,40800,2024-07-13,2004,원곡동
molit,힐스테이트중앙,59.9929,14,66800,2024-07-11,2018,고잔동
molit,주공그린빌8,75.58,10,48000,2024-07-10,2001,고잔동
molit,e편한세상초지역센트럴포레,84.996,21,79000,2024-07-19,2021,원곡동
molit,포레나안산고잔,59.9803,24,54000,2024-07-22,2023,고잔동
molit,초지역메이저타운푸르지오파크단지,49.9999,9,49500,2024-07-24,2019,초지동
molit,주공그린빌13단지,51.89,2,28500,2024-07-18,2002,초지동
molit,초지역메이저타운푸르지오에코단지,59.5958,4,55000,2024-07-24,2019,원곡동
molit,주공그린빌14단지,40.62,7,19000,2024-07-16,2002,초지동
molit,군자주공11,39.27,4,22450,2024-07-17,1990,선부동
molit,주공그린빌14단지,59.76,3,31800,2024-07-09,2002,초지동
molit,고잔롯데캐슬골드파크,59.98,6,53800,2024-07-22,2018,고잔동
molit,산호한양,29.2725,7,12500,2024-07-23,1993,선부동
molit,주공그린빌8,75.79,2,49000,2024-07-03,2001,고잔동
molit,고잔롯데캐슬골드파크,75.9,10,62500,2024-07-10,2018,고잔동
molit,군자주공14,39.61,3,21000,2024-07-20,1992,선부동
molit,네오빌6단지,84.5,11,53500,2024-07-05,2000,고잔동
molit,서해그랑블,71.939,12,42000,2024-07-04,2004,초지동
molit,서해그랑블,135.572,24,62000,2024-07-20,2004,초지동
molit,서해그랑블,114.785,26,60000,2024-07-12,2004,초지동
molit,서해그랑블,71.939,9,40200,2024-07-12,2004,초지동
molit,센트럴푸르지오,99.7579,7,98500,2024-07-22,2018,고잔동
molit,이편한세상선부역어반스퀘어,59.93,5,48500,2024-07-09,2020,선부동
molit,벽산블루밍,59.95,16,35500,2024-07-19,2004,원곡동
molit,e편한세상초지역센트럴포레,59.974,19,60000,2024-07-20,2021,원곡동
molit,초지역메이저타운푸르지오에코단지,49.4932,6,48800,2024-07-20,2019,원곡동
molit,호수마을풍림,118.96,21,58000,2024-07-20,2000,초지동
molit,이편한세상선부역어반스퀘어,59.93,12,50200,2024-07-06,2020,선부동
molit,한화꿈에그린,84.9146,4,42000,2024-07-23,2006,원곡동
molit,푸르지오1차,71.1837,5,57000,2024-07-19,2001,고잔동
molit,푸르지오1차,84.7828,8,58000,2024-07-18,2001,고잔동
molit,안산레이크타운푸르지오,84.8211,32,94000,2024-07-17,2016,고잔동
molit,호수공원(대림1),87.152,3,59900,2024-07-20,2001,고잔동
molit,삼익,59.59,22,24000,2024-07-10,1998,신길동
molit,일신건영휴먼빌,84.991,5,29000,2024-07-07,2005,선부동
molit,군자주공12,38.64,13,18500,2024-07-15,1991,선부동
molit,군자주공12,38.64,1,18200,2024-07-12,1991,선부동
molit,산호한양,42.615,8,15900,2024-07-12,1993,선부동
molit,벽산블루밍,59.95,10,31900,2024-07-19,2004,원곡동
molit,산호한양,42.615,4,15400,2024-07-09,1993,선부동
molit,호수공원(대림1),87.152,12,59700,2024-07-22,2001,고잔동
molit,산호한양,42.615,1,15100,2024-07-19,1993,선부동
molit,이편한세상선부역어반스퀘어,59.93,25,51000,2024-07-23,2020,선부동
molit,e편한세상선부파크플레이스1차,84.98,8,61000,2024-07-10,2018,선부동
molit,안산아이파크,72.57,9,42800,2024-07-16,2013,신길동
molit,이편한세상선부역어반스퀘어,74.95,5,57000,2024-07-10,2020,선부동
molit,군자주공10,46.98,3,36000,2024-07-20,1989,선부동
molit,이편한세상선부역어반스퀘어,74.95,11,58500,2024-07-22,2020,선부동
molit,휴먼빌2차,84.704,13,44500,2024-07-21,2007,신길동
molit,푸르지오1차,84.7828,8,58800,2024-07-16,2001,고잔동
molit,호수공원(대림1),87.152,15,54700,2024-07-15,2001,고잔동
molit,군자주공12,44.94,1,23000,2024-07-13,1991,선부동
molit,군자주공10,39.27,3,29500,2024-07-13,1989,선부동
molit,이편한세상선부역어반스퀘어,59.93,15,49200,2024-07-16,2020,선부동
molit,롯데캐슬더퍼스트,84.97,11,63000,2024-07-13,2018,초지동
molit,주공8,54.9,5,27900,2024-07-16,1987,고잔동
molit,그린빌18,39.99,10,20000,2024-07-14,2001,초지동
molit,안산라프리모,59.4504,3,48000,2024-07-20,2020,선부동
molit,주공그린빌7,84.58,1,51000,2024-07-15,2001,고잔동
molit,주공7,66.56,4,34000,2024-07-17,1987,고잔동
molit,공작한양(저층),70.0025,3,32800,2024-07-19,1992,선부동
molit,안산라프리모,74.8727,34,53500,2024-07-15,2020,선부동
molit,네오빌6단지,84.5,6,54000,2024-07-11,2000,고잔동
molit,안산라프리모,84.9673,6,59500,2024-07-20,2020,선부동
molit,주공그린빌12,75.99,8,42700,2024-07-11,2003,초지동
molit,안산레이크타운푸르지오,84.6038,10,89000,2024-07-12,2016,고잔동
molit,안산레이크타운푸르지오,59.5637,18,69300,2024-07-09,2016,고잔동
molit,공작한양(저층),50.085,4,24800,2024-07-20,1992,선부동
molit,산호한양,50.085,2,27700,2024-07-20,1993,선부동
molit,푸르지오3차,134.61,14,89300,2024-07-02,2003,고잔동
molit,주공그린빌7,75.56,3,47000,2024-07-07,2001,고잔동
molit,푸르지오4차,59.7897,18,45500,2024-07-20,2003,고잔동
molit,일신건영휴먼빌,84.712,4,30100,2024-07-20,2005,선부동
molit,그린빌15(해맑음마을),59.97,8,35800,2024-07-06,2002,초지동
molit,안산메트로타운푸르지오힐스테이트,74.4993,2,43300,2024-07-21,2018,선부동
molit,주공그린빌11,75.99,2,40400,2024-07-17,2003,초지동
molit,군자주공11,39.66,1,20000,2024-07-19,1990,선부동
molit,휴먼시아4단지,84.95,1,35400,2024-07-19,2012,신길동
molit,대우푸르지오5,84.916,5,59700,2024-07-11,2003,고잔동
molit,주공8,54.9,5,26800,2024-07-15,1987,고잔동
molit,안산레이크타운푸르지오,98.8302,17,120000,2024-07-04,2016,고잔동
molit,그린빌15(해맑음마을),40.83,7,19000,2024-07-15,2002,초지동
molit,공작한양(저층),50.085,3,26500,2024-07-19,1992,선부동
molit,한화꿈에그린,119.5758,5,50500,2024-07-04,2006,원곡동
molit,벽산블루밍,59.95,6,33300,2024-07-08,2004,원곡동
molit,공작한양(저층),50.085,2,25500,2024-07-15,1992,선부동
molit,천년가리더스카이,84.6615,11,43800,2024-07-15,2020,와동
molit,보광그랑베르,19.2435,5,5500,2024-07-17,2015,선부동
molit,공작한양(고층),73.9581,3,35300,2024-07-03,1992,선부동
molit,그린빌18,39.37,3,19400,2024-07-14,2001,초지동
molit,그린빌18,39.37,5,17700,2024-07-17,2001,초지동
molit,푸르지오3차,101.95,5,74800,2024-07-16,2003,고잔동
molit,롯데캐슬더퍼스트,84.97,17,59700,2024-07-14,2018,초지동
molit,고잔롯데캐슬골드파크,49.74,11,45000,2024-07-02,2018,고잔동
molit,안산8차푸르지오,59.9624,23,36000,2024-07-16,2006,원곡동
molit,두산위브,84.98,24,60000,2024-07-08,2015,초지동
molit,센트럴푸르지오,84.9529,28,84500,2024-07-04,2018,고잔동
molit,군자주공12,44.94,9,24400,2024-07-13,1991,선부동
molit,서해그랑블,100.994,6,45800,2024-07-04,2004,초지동
molit,서해그랑블,135.572,19,63500,2024-07-05,2004,초지동
molit,보네르빌리지,103.146,6,62000,2024-07-08,2001,고잔동
molit,푸르지오1차,84.782,7,62800,2024-07-12,2001,고잔동
molit,푸르지오1차,84.4458,1,53500,2024-07-04,2001,고잔동
molit,벽산블루밍,59.95,8,32500,2024-07-01,2004,원곡동
molit,군자주공11,39.66,1,21000,2024-07-03,1990,선부동
molit,벽산블루밍,84.99,20,40500,2024-07-11,2004,원곡동
molit,산호한양,29.2725,11,12800,2024-07-12,1993,선부동
molit,벽산블루밍,59.95,9,36500,2024-07-14,2004,원곡동
molit,초지역메이저타운푸르지오파크단지,59.9333,18,59000,2024-07-12,2019,초지동
molit,서해그랑블,71.939,6,39000,2024-07-16,2004,초지동
molit,휴먼빌2차,119.225,13,55000,2024-07-11,2007,신길동
molit,천년가리더스카이,84.6615,11,43800,2024-07-15,2020,와동
molit,산호한양,29.2725,8,14300,2024-07-06,1993,선부동
molit,주공그린빌7,75.56,13,47800,2024-07-10,2001,고잔동
molit,주공그린빌12,84.99,8,46700,2024-07-09,2003,초지동
molit,벽산블루밍,84.99,18,41000,2024-07-15,2004,원곡동
molit,안산8차푸르지오,84.9897,19,41800,2024-07-09,2006,원곡동
molit,e편한세상초지역센트럴포레,49.944,11,48000,2024-07-09,2021,원곡동
molit,벽산블루밍,84.99,19,35000,2024-07-15,2004,원곡동
molit,천년가리더스카이,84.6615,27,45500,2024-07-15,2020,와동
molit,군자주공15(고층),41.3,14,22700,2024-07-10,1993,선부동
molit,군자주공12,44.94,6,24800,2024-07-03,1991,선부동
molit,주공그린빌13단지,39.89,2,19500,2024-07-06,2002,초지동
molit,주공그린빌12,75.99,7,42700,2024-07-06,2003,초지동
molit,안산8차푸르지오,59.9624,2,36700,2024-07-09,2006,원곡동
molit,벽산블루밍,84.99,18,40200,2024-07-03,2004,원곡동
molit,롯데캐슬더퍼스트,84.98,22,62800,2024-07-05,2018,초지동
molit,그린빌18,49.41,5,21500,2024-07-08,2001,초지동
molit,안산메트로타운푸르지오힐스테이트,74.4993,40,48000,2024-07-12,2018,선부동
molit,안산라프리모,74.926,32,54500,2024-07-02,2020,선부동
molit,그린빌15(해맑음마을),40.83,7,18500,2024-07-08,2002,초지동
molit,그린빌15(해맑음마을),59.97,5,34000,2024-07-02,2002,초지동
molit,그린빌15(해맑음마을),59.97,3,33000,2024-07-01,2002,초지동
molit,휴먼시아6단지,84.64,10,40200,2024-07-15,2009,신길동
molit,주공그린빌8,75.77,6,50000,2024-07-13,2001,고잔동
molit,안산메트로타운푸르지오힐스테이트,74.6673,34,46800,2024-07-11,2018,선부동
molit,호수공원(대림1),87.152,9,64800,2024-07-03,2001,고잔동
molit,안산라프리모,84.9673,4,57800,2024-07-05,2020,선부동
molit,이편한세상선부역어반스퀘어,59.93,7,50000,2024-07-08,2020,선부동
molit,보네르빌리지,89.081,3,48000,2024-07-01,2001,고잔동
molit,안산라프리모,59.4504,15,48900,2024-07-04,2020,선부동
molit,호수마을풍림,118.96,5,51500,2024-07-06,2000,초지동
molit,주공7,75.51,6,35000,2024-07-06,1987,고잔동
molit,e편한세상초지역센트럴포레,84.996,34,78000,2024-07-05,2021,원곡동
molit,휴먼시아6단지,84.91,14,39500,2024-07-06,2009,신길동
molit,e편한세상초지역센트럴포레,59.974,27,57800,2024-07-05,2021,원곡동
molit,공작한양(고층),84.88,11,38000,2024-07-10,1992,선부동
molit,주공그린빌8,75.58,7,49200,2024-07-02,2001,고잔동
molit,e편한세상선부파크플레이스1차,59.98,17,49000,2024-07-08,2018,선부동
molit,경남아너스빌,74.86,20,40800,2024-07-04,2005,원곡동
molit,호수마을풍림,84.96,9,42200,2024-07-04,2000,초지동
molit,초지역메이저타운푸르지오에코단지,49.4932,13,48500,2024-07-04,2019,원곡동
molit,군자주공12,38.64,7,23000,2024-07-09,1991,선부동
molit,안산푸르지오브리파크,59.9692,24,43350,2024-07-04,2023,원곡동
molit,안산레이크타운푸르지오,84.6732,31,100000,2024-07-09,2016,고잔동
molit,주공8,64.62,14,31500,2024-07-05,1987,고잔동
molit,삼익,131.55,17,38000,2024-07-05,1998,신길동
molit,호수마을풍림,84.96,5,43500,2024-07-04,2000,초지동
molit,안산신길온천역휴먼빌,59.8411,9,33000,2024-07-08,2005,신길동
molit,수정한양,84.975,6,39800,2024-07-02,1991,선부동
molit,푸르지오4차,84.3128,4,52000,2024-07-06,2003,고잔동
molit,삼익,84.96,16,30000,2024-07-06,1998,신길동
molit,호수공원(대림1),117.92,2,69000,2024-07-01,2001,고잔동
molit,그린빌15(해맑음마을),59.97,5,34500,2024-07-06,2002,초지동
molit,주공그린빌13단지,51.75,3,28600,2024-07-05,2002,초지동
molit,그린빌15(해맑음마을),59.97,14,35000,2024-07-06,2002,초지동
molit,그린빌15(해맑음마을),59.97,10,32000,2024-07-04,2002,초지동
molit,초지역메이저타운푸르지오에코단지,59.5958,32,58000,2024-07-06,2019,원곡동
molit,호수공원(대림1),87.152,7,59000,2024-07-04,2001,고잔동
molit,그린빌15(해맑음마을),40.83,4,17000,2024-07-03,2002,초지동
molit,주공7,54.9,6,26000,2024-07-06,1987,고잔동
molit,군자주공14,40.0,3,20500,2024-07-03,1992,선부동
molit,삼익,84.96,18,29900,2024-07-05,1998,신길동
molit,주공8,75.51,1,32000,2024-07-03,1987,고잔동
molit,산호한양,29.2725,4,12700,2024-07-05,1993,선부동
molit,휴먼시아4단지,74.53,12,36000,2024-07-08,2012,신길동
molit,경남아너스빌,59.99,14,38000,2024-07-04,2005,원곡동
molit,수정한양,49.98,2,23000,2024-07-04,1991,선부동
molit,주공8,61.52,11,30500,2024-07-06,1987,고잔동
molit,주공8,64.62,4,33000,2024-07-01,1987,고잔동
molit,e편한세상선부파크플레이스2차,84.98,11,59000,2024-07-06,2018,선부동
molit,휴먼시아4단지,84.82,12,40000,2024-07-06,2012,신길동
molit,그린빌18,59.42,3,32900,2024-07-03,2001,초지동
molit,초지역메이저타운푸르지오파크단지,49.9999,3,47000,2024-07-04,2019,초지동
molit,보광그랑베르,17.6435,4,6350,2024-07-04,2015,선부동
molit,공작한양(고층),203.125,20,59800,2024-07-01,1992,선부동
molit,호수공원(대림1),99.541,9,67500,2024-07-03,2001,고잔동
molit,e편한세상선부파크플레이스2차,84.98,8,58000,2024-07-02,2018,선부동
molit,주공8,54.9,11,28000,2024-07-02,1987,고잔동
molit,초지역메이저타운푸르지오에코단지,49.4932,9,49900,2024-07-01,2019,원곡동
molit,초지역메이저타운푸르지오메트로단지,48.3659,18,50000,2024-07-01,2019,초지동
molit,공작한양(고층),42.615,6,17300,2024-07-02,1992,선부동
molit,주공그린빌11,75.99,14,44700,2024-07-01,2003,초지동
molit,동명벽산블루밍,59.98,23,45000,2024-07-13,2010,선부동
molit,벽산블루밍,84.99,16,39900,2024-08-13,2004,원곡동
molit,안산신길온천역휴먼빌,84.9773,24,36000,2024-08-28,2005,신길동
molit,두산위브,84.98,28,65000,2024-08-12,2015,초지동
molit,서해그랑블,75.126,14,42950,2024-08-12,2004,초지동
molit,군자주공12,44.94,9,25700,2024-08-29,1991,선부동
molit,호수마을풍림,118.96,17,53000,2024-08-07,2000,초지동
molit,푸르지오3차,134.61,9,88500,2024-08-27,2003,고잔동
molit,주공그린빌13단지,51.89,3,28900,2024-08-24,2002,초지동
molit,호수마을풍림,108.74,12,55000,2024-08-31,2000,초지동
molit,초지역메이저타운푸르지오파크단지,59.9333,1,58000,2024-08-23,2019,초지동
molit,두산위브,84.98,18,62000,2024-08-29,2015,초지동
molit,안산라프리모,84.9673,11,59000,2024-08-24,2020,선부동
molit,주공5,47.1,1,47000,2024-08-30,1986,고잔동
molit,주공5,39.72,1,43000,2024-08-31,1986,고잔동
molit,네오빌6단지,84.5,7,54500,2024-08-26,2000,고잔동
molit,주공그린빌13단지,51.89,1,25700,2024-08-29,2002,초지동
molit,주공그린빌14단지,59.76,4,34800,2024-08-31,2002,초지동
molit,주공그린빌14단지,59.76,1,31500,2024-08-22,2002,초지동
molit,안산라프리모,99.4568,31,80000,2024-08-21,2020,선부동
molit,안산라프리모,84.9673,18,60500,2024-08-20,2020,선부동
molit,군자주공12,44.94,9,25700,2024-08-29,1991,선부동
molit,주공그린빌9,84.5,6,52500,2024-08-19,2001,고잔동
molit,대우푸르지오5,84.916,7,59700,2024-08-31,2003,고잔동
molit,호수마을풍림,74.35,9,44700,2024-08-27,2000,초지동
molit,주공그린빌7,75.6,11,51000,2024-08-24,2001,고잔동
molit,주공그린빌8,84.7,15,54500,2024-08-30,2001,고잔동
molit,주공5,39.9,1,41500,2024-08-26,1986,고잔동
molit,초지역메이저타운푸르지오에코단지,59.5958,35,60800,2024-08-21,2019,원곡동
molit,안산라프리모,84.9673,22,62000,2024-08-02,2020,선부동
molit,초지역메이저타운푸르지오메트로단지,84.5027,20,85750,2024-08-23,2019,초지동
molit,안산레이크타운푸르지오,84.6732,29,99000,2024-08-19,2016,고잔동
molit,주공그린빌13단지,51.89,5,30900,2024-08-17,2002,초지동
molit,힐스테이트중앙,74.9729,7,80000,2024-08-28,2018,고잔동
molit,주공그린빌14단지,59.76,3,33000,2024-08-19,2002,초지동
molit,보네르빌리지,89.081,5,48500,2024-08-16,2001,고잔동
molit,안산중흥S클래스더퍼스트,84.8856,14,57500,2024-08-29,2024,선부동
molit,e편한세상초지역센트럴포레,59.974,10,60000,2024-08-30,2021,원곡동
molit,안산메트로타운푸르지오힐스테이트,59.8167,8,40500,2024-08-24,2018,선부동
molit,안산라프리모,84.9673,13,59900,2024-08-28,2020,선부동
molit,주공8,54.9,2,26000,2024-08-28,1987,고잔동
molit,안산레이크타운푸르지오,84.6038,22,88500,2024-08-30,2016,고잔동
molit,초지역메이저타운푸르지오메트로단지,48.3659,14,51200,2024-08-12,2019,초지동
molit,이편한세상선부역어반스퀘어,49.97,19,44300,2024-08-21,2020,선부동
molit,안산라프리모,84.9673,25,64000,2024-08-28,2020,선부동
molit,휴먼시아3단지,84.87,14,36900,2024-08-23,2009,신길동
molit,휴먼시아3단지,84.87,14,36900,2024-08-23,2009,신길동
molit,수정한양,84.975,8,43500,2024-08-29,1991,선부동
molit,단원마을금강펜테리움,62.82,5,47000,2024-08-28,2002,고잔동
molit,주공그린빌9,75.62,10,50000,2024-08-17,2001,고잔동
molit,푸르지오4차,77.8241,7,54000,2024-08-31,2003,고잔동
molit,동명벽산블루밍,59.98,2,42850,2024-08-28,2010,선부동
molit,안산신길온천역휴먼빌,84.9773,24,36000,2024-08-28,2005,신길동
molit,안산레이크타운푸르지오,84.8211,1,82000,2024-08-24,2016,고잔동
molit,주공그린빌12,75.99,4,46700,2024-08-31,2003,초지동
molit,일신건영휴먼빌,84.991,8,29000,2024-08-10,2005,선부동
molit,군자주공14,39.61,2,20900,2024-08-26,1992,선부동
molit,이편한세상선부역어반스퀘어,59.96,13,51500,2024-08-22,2020,선부동
molit,주공그린빌13단지,51.89,10,28500,2024-08-30,2002,초지동
molit,안산라프리모,74.7282,10,57000,2024-08-22,2020,선부동
molit,주공그린빌14단지,59.76,8,35000,2024-08-20,2002,초지동
molit,e편한세상초지역센트럴포레,84.996,3,76000,2024-08-27,2021,원곡동
molit,호수마을풍림,84.96,1,43900,2024-08-24,2000,초지동
molit,주공5,39.72,3,43000,2024-08-26,1986,고잔동
molit,푸르지오3차,84.96,3,61500,2024-08-30,2003,고잔동
molit,경남아너스빌,115.3,13,55000,2024-08-27,2005,원곡동
molit,힐스테이트중앙,59.9929,18,67500,2024-08-29,2018,고잔동
molit,한화꿈에그린,59.9254,9,38000,2024-08-27,2006,원곡동
molit,고잔롯데캐슬골드파크,75.9,17,61700,2024-08-14,2018,고잔동
molit,군자주공11,39.66,2,24000,2024-08-31,1990,선부동
molit,푸르지오3차,101.95,2,73500,2024-08-28,2003,고잔동
molit,푸르지오3차,71.55,16,60000,2024-08-30,2003,고잔동
molit,그린빌15(해맑음마을),49.98,1,23000,2024-08-29,2002,초지동
molit,푸르지오3차,134.61,18,88000,2024-08-21,2003,고잔동
molit,주공(9단지),61.52,11,33800,2024-08-29,1986,고잔동
molit,주공5,47.01,5,47800,2024-08-14,1986,고잔동
molit,공작한양(저층),50.085,5,21500,2024-08-22,1992,선부동
molit,인썬캐슬,84.27,6,31400,2024-08-18,2013,와동
molit,네오빌6단지,84.56,4,50700,2024-08-16,2000,고잔동
molit,호수공원(대림1),87.152,9,57000,2024-08-27,2001,고잔동
molit,동명벽산블루밍,84.94,9,56500,2024-08-27,2010,선부동
molit,푸르지오1차,95.4946,9,75700,2024-08-19,2001,고잔동
molit,벽산블루밍,84.99,8,39500,2024-08-31,2004,원곡동
molit,산호한양,42.615,2,18000,2024-08-27,1993,선부동
molit,안산8차푸르지오,59.9624,16,37000,2024-08-12,2006,원곡동
molit,경남아너스빌,59.99,17,37700,2024-08-30,2005,원곡동
molit,e편한세상초지역센트럴포레,84.996,27,79000,2024-08-31,2021,원곡동
molit,안산8차푸르지오,59.9624,2,36800,2024-08-05,2006,원곡동
molit,그린빌15(해맑음마을),59.97,3,34500,2024-08-27,2002,초지동
molit,안산8차푸르지오,84.9897,14,44800,2024-08-27,2006,원곡동
molit,호수마을풍림,118.96,17,54000,2024-08-16,2000,초지동
molit,그린빌15(해맑음마을),59.97,9,37600,2024-08-14,2002,초지동
molit,그린빌15(해맑음마을),49.71,1,23000,2024-08-22,2002,초지동
molit,벽산블루밍,84.99,23,41000,2024-08-20,2004,원곡동
molit,대우푸르지오5,63.013,2,44000,2024-08-31,2003,고잔동
molit,푸르지오3차,71.55,15,63500,2024-08-30,2003,고잔동
molit,안산메트로타운푸르지오힐스테이트,84.9123,6,51800,2024-08-25,2018,선부동
molit,센트럴푸르지오,84.9529,11,85000,2024-08-19,2018,고잔동
molit,주공5,46.74,3,53500,2024-08-20,1986,고잔동
molit,초지역메이저타운푸르지오에코단지,59.9084,13,56950,2024-08-28,2019,원곡동
molit,호수마을풍림,84.96,7,47000,2024-08-29,2000,초지동
molit,힐스테이트중앙,59.9929,35,70000,2024-08-28,2018,고잔동
molit,고잔롯데캐슬골드파크,84.96,11,70000,2024-08-17,2018,고잔동
molit,호수마을풍림,84.96,14,45700,2024-08-15,2000,초지동
molit,그린빌15(해맑음마을),40.83,4,19500,2024-08-16,2002,초지동
molit,그린빌18,39.3,6,18900,2024-08-27,2001,초지동
molit,고잔롯데캐슬골드파크,84.96,19,72800,2024-08-12,2018,고잔동
molit,주공8,64.62,14,36000,2024-08-27,1987,고잔동
molit,그린빌18,49.86,4,25500,2024-08-24,2001,초지동
molit,서해그랑블,71.939,15,42000,2024-08-19,2004,초지동
molit,서해그랑블,100.994,4,47000,2024-08-21,2004,초지동
molit,푸르지오3차,101.95,10,77000,2024-08-20,2003,고잔동
molit,푸르지오3차,71.55,1,54500,2024-08-15,2003,고잔동
molit,푸르지오3차,84.96,3,64500,2024-08-15,2003,고잔동
molit,이편한세상선부역어반스퀘어,74.95,35,61000,2024-08-22,2020,선부동
molit,그린빌18,49.41,4,23500,2024-08-28,2001,초지동
molit,안산메트로타운푸르지오힐스테이트,59.9683,18,40000,2024-08-29,2018,선부동
molit,군자주공15(저층),40.0,2,25000,2024-08-26,1992,선부동
molit,그린빌18,49.86,8,24800,2024-08-26,2001,초지동
molit,힐스테이트중앙,59.9929,36,68500,2024-08-24,2018,고잔동
molit,벽산블루밍,84.99,1,37000,2024-08-17,2004,원곡동
molit,공작한양(고층),73.9581,4,35700,2024-08-28,1992,선부동
molit,호수마을풍림,84.96,10,42000,2024-08-14,2000,초지동
molit,고잔롯데캐슬골드파크,49.66,8,37700,2024-08-12,2018,고잔동
molit,e편한세상선부파크플레이스2차,84.98,7,60000,2024-08-28,2018,선부동
molit,벽산블루밍,84.99,21,39000,2024-08-19,2004,원곡동
molit,그린빌18,49.86,5,24800,2024-08-15,2001,초지동
molit,보네르빌리지,156.873,14,74000,2024-08-28,2001,고잔동
molit,휴먼시아3단지,84.87,14,36900,2024-08-23,2009,신길동
molit,주공그린빌12,84.95,1,39500,2024-08-06,2003,초지동
molit,고잔롯데캐슬골드파크,59.98,8,56000,2024-08-17,2018,고잔동
molit,고잔롯데캐슬골드파크,59.98,22,53300,2024-08-17,2018,고잔동
molit,천년가리더스카이,59.126,26,33750,2024-08-08,2020,와동
molit,고잔롯데캐슬골드파크,84.96,9,70500,2024-08-20,2018,고잔동
molit,센트럴푸르지오,84.9529,16,84300,2024-08-24,2018,고잔동
molit,군자주공15(고층),49.94,2,28500,2024-08-20,1993,선부동
molit,천년가리더스카이,74.9807,10,41000,2024-08-21,2020,와동
molit,주공그린빌8,84.7,15,54500,2024-08-08,2001,고잔동
molit,인썬캐슬,84.27,4,31500,2024-08-16,2013,와동
molit,주공5,46.74,5,47500,2024-08-23,1986,고잔동
molit,호수공원(대림1),117.92,24,79300,2024-08-15,2001,고잔동
molit,휴먼빌2차,119.225,6,55000,2024-08-14,2007,신길동
molit,안산신길온천역휴먼빌,59.8411,10,33400,2024-08-22,2005,신길동
molit,삼익,84.96,2,34000,2024-08-16,1998,신길동
molit,주공그린빌13단지,51.75,9,28600,2024-08-05,2002,초지동
molit,호수마을풍림,84.96,7,45500,2024-08-05,2000,초지동
molit,주공그린빌7,84.54,7,53200,2024-08-19,2001,고잔동
molit,서해그랑블,100.994,14,55700,2024-08-16,2004,초지동
molit,서해그랑블,84.962,2,40000,2024-08-12,2004,초지동
molit,안산메트로타운푸르지오힐스테이트,74.7692,5,45500,2024-08-15,2018,선부동
molit,초지역메이저타운푸르지오에코단지,49.4932,27,51000,2024-08-23,2019,원곡동
molit,주공7,54.9,5,27000,2024-08-12,1987,고잔동
molit,주공그린빌11,84.99,11,45800,2024-08-12,2003,초지동
molit,안산라프리모,74.926,21,55400,2024-08-24,2020,선부동
molit,두산위브,84.98,28,65000,2024-08-12,2015,초지동
molit,대우푸르지오5,72.298,14,55700,2024-08-10,2003,고잔동
molit,주공그린빌14단지,59.76,6,33500,2024-08-04,2002,초지동
molit,안산중흥S클래스더퍼스트,84.9591,15,55000,2024-08-25,2024,선부동
molit,군자주공11,39.66,5,20800,2024-08-24,1990,선부동
molit,e편한세상초지역센트럴포레,59.974,29,58000,2024-08-20,2021,원곡동
molit,안산8차푸르지오,59.9624,3,36200,2024-08-11,2006,원곡동
molit,주공8,54.9,14,27500,2024-08-24,1987,고잔동
molit,푸르지오1차,116.3445,10,87000,2024-08-21,2001,고잔동
molit,안산라프리모,74.926,21,55400,2024-08-24,2020,선부동
molit,초지역메이저타운푸르지오에코단지,59.5958,10,62000,2024-08-23,2019,원곡동
molit,단원마을금강펜테리움,68.867,1,46500,2024-08-24,2002,고잔동
molit,주공그린빌11,75.99,10,42800,2024-08-17,2003,초지동
molit,안산레이크타운푸르지오,59.5637,3,69900,2024-08-23,2016,고잔동
molit,두산위브,84.98,14,61000,2024-08-12,2015,초지동
molit,서해그랑블,75.126,14,42950,2024-08-12,2004,초지동
molit,서해그랑블,100.994,7,51200,2024-08-15,2004,초지동
molit,서해그랑블,114.785,16,62500,2024-08-13,2004,초지동
molit,푸르지오1차,84.782,11,67000,2024-08-16,2001,고잔동
molit,초지역메이저타운푸르지오파크단지,59.9761,28,59500,2024-08-13,2019,초지동
molit,서해그랑블,71.939,6,35000,2024-08-08,2004,초지동
molit,산호한양,42.615,21,17500,2024-08-23,1993,선부동
molit,안산레이크타운푸르지오,59.5637,6,70000,2024-08-12,2016,고잔동
molit,힐스테이트중앙,59.9929,26,70000,2024-08-19,2018,고잔동
molit,힐스테이트중앙,59.9633,8,64800,2024-08-10,2018,고잔동
molit,경남아너스빌,59.99,13,39000,2024-08-10,2005,원곡동
molit,주공5,46.74,2,44900,2024-08-15,1986,고잔동
molit,주공5,47.1,2,49900,2024-08-15,1986,고잔동
molit,주공(9단지),67.28,9,34900,2024-08-15,1986,고잔동
molit,안산라프리모,84.9673,2,59000,2024-08-07,2020,선부동
molit,벽산블루밍,59.95,20,37900,2024-08-04,2004,원곡동
molit,힐스테이트중앙,74.993,35,78750,2024-08-09,2018,고잔동
molit,주공7,54.9,9,27800,2024-08-20,1987,고잔동
molit,군자주공14,40.0,2,20000,2024-08-21,1992,선부동
molit,주공(9단지),54.9,6,31000,2024-08-13,1986,고잔동
molit,두산위브,84.98,5,58500,2024-08-21,2015,초지동
molit,군자주공10,39.27,1,29300,2024-08-10,1989,선부동
molit,삼익,59.59,24,27000,2024-08-14,1998,신길동
molit,주공6,46.74,3,43000,2024-08-12,1986,고잔동
molit,서해그랑블,99.385,5,57000,2024-08-07,2004,초지동
molit,주공8,67.28,7,33000,2024-08-09,1987,고잔동
molit,센트럴푸르지오,84.9612,7,84300,2024-08-08,2018,고잔동
molit,군자주공11,39.27,2,21000,2024-08-08,1990,선부동
molit,안산아이파크,84.42,3,44500,2024-08-20,2013,신길동
molit,그린빌15(해맑음마을),59.97,1,30000,2024-08-09,2002,초지동
molit,호수마을풍림,101.99,1,42500,2024-08-12,2000,초지동
molit,초지역메이저타운푸르지오메트로단지,59.9333,16,64000,2024-08-13,2019,초지동
molit,호수마을풍림,118.96,14,54000,2024-08-16,2000,초지동
molit,주공그린빌12,84.95,2,40000,2024-08-08,2003,초지동
molit,주공그린빌11,84.99,7,47500,2024-08-03,2003,초지동
molit,주공7,64.62,2,29000,2024-08-16,1987,고잔동
molit,군자주공11,39.27,5,21000,2024-08-20,1990,선부동
molit,천년가리더스카이,65.9098,18,36000,2024-08-16,2020,와동
molit,푸르지오3차,134.61,2,85000,2024-08-02,2003,고잔동
molit,e편한세상초지역센트럴포레,59.974,11,59800,2024-08-14,2021,원곡동
molit,안산신길온천역휴먼빌,59.8411,11,31500,2024-08-17,2005,신길동
molit,안산신길온천역휴먼빌,84.9773,27,39000,2024-08-16,2005,신길동
molit,삼익,59.59,11,24500,2024-08-15,1998,신길동
molit,안산신길온천역휴먼빌,59.8411,14,32000,2024-08-17,2005,신길동
molit,푸르지오3차,71.55,12,55700,2024-08-08,2003,고잔동
molit,그린빌15(해맑음마을),59.97,11,36500,2024-08-05,2002,초지동
molit,호수공원(대림1),87.152,11,62600,2024-08-13,2001,고잔동
molit,안산신길온천역휴먼빌,84.9773,7,37500,2024-08-15,2005,신길동
molit,휴먼빌2차,84.704,15,50500,2024-08-13,2007,신길동
molit,주공그린빌9,75.62,10,50000,2024-08-17,2001,고잔동
molit,그린빌15(해맑음마을),59.97,3,32800,2024-08-08,2002,초지동
molit,호수공원(대림1),87.152,14,59900,2024-08-12,2001,고잔동
molit,안산레이크타운푸르지오,84.8211,30,103000,2024-08-08,2016,고잔동
molit,주공(9단지),66.56,6,39550,2024-08-10,1986,고잔동
molit,군자주공12,38.64,8,21500,2024-08-10,1991,선부동
molit,주공5,39.72,3,41500,2024-08-15,1986,고잔동
molit,산호한양,50.085,5,22900,2024-08-17,1993,선부동
molit,산호한양,42.615,8,17900,2024-08-17,1993,선부동
molit,산호한양,29.2725,18,14500,2024-08-17,1993,선부동
molit,군자주공11,39.66,4,22600,2024-08-16,1990,선부동
molit,초지역메이저타운푸르지오에코단지,59.9084,12,62300,2024-08-16,2019,원곡동
molit,주공그린빌9,75.62,10,50000,2024-08-17,2001,고잔동
molit,군자주공12,38.64,11,22300,2024-08-13,1991,선부동
molit,초지역메이저타운푸르지오메트로단지,48.3659,12,50000,2024-08-13,2019,초지동
molit,고잔롯데캐슬골드파크,59.97,11,54300,2024-08-10,2018,고잔동
molit,휴먼시아4단지,84.82,13,40500,2024-08-15,2012,신길동
molit,군자주공9,39.27,5,27000,2024-08-09,1989,선부동
molit,공작한양(고층),84.88,8,42950,2024-08-16,1992,선부동
molit,주공그린빌8,75.82,13,51000,2024-08-10,2001,고잔동
molit,공작한양(고층),155.155,2,49000,2024-08-13,1992,선부동
molit,공작한양(고층),155.155,8,56000,2024-08-14,1992,선부동
molit,안산메트로타운푸르지오힐스테이트,84.508,6,50500,2024-08-15,2018,선부동
molit,주공8,54.9,15,27300,2024-08-10,1987,고잔동
molit,주공6,39.72,4,37000,2024-08-12,1986,고잔동
molit,동명벽산블루밍,59.98,7,42200,2024-08-10,2010,선부동
molit,벽산블루밍,84.99,16,39900,2024-08-13,2004,원곡동
molit,서해그랑블,100.994,4,46000,2024-08-12,2004,초지동
molit,초지역메이저타운푸르지오파크단지,84.8438,18,69700,2024-08-14,2019,초지동
molit,안산8차푸르지오,84.9897,23,44200,2024-08-04,2006,원곡동
molit,그린빌18,49.86,1,23600,2024-08-13,2001,초지동
molit,주공8,64.62,9,32000,2024-08-02,1987,고잔동
molit,e편한세상초지역센트럴포레,59.974,3,57200,2024-08-13,2021,원곡동
molit,주공그린빌7,84.54,7,55000,2024-08-03,2001,고잔동
molit,안산레이크타운푸르지오,59.5637,11,70000,2024-08-12,2016,고잔동
molit,수정한양,49.98,4,26000,2024-08-10,1991,선부동
molit,호수마을풍림,84.96,9,42500,2024-08-07,2000,초지동
molit,안산라프리모,84.9673,13,61000,2024-08-11,2020,선부동
molit,힐스테이트중앙,59.9633,7,64500,2024-08-05,2018,고잔동
molit,벽산블루밍,84.99,10,40500,2024-08-07,2004,원곡동
molit,주공5,39.72,1,41800,2024-08-07,1986,고잔동
molit,주공5,39.72,1,41800,2024-08-07,1986,고잔동
molit,주공(9단지),54.9,12,28000,2024-08-07,1986,고잔동
molit,산호한양,50.085,4,21000,2024-08-01,1993,선부동
molit,호수마을풍림,142.78,29,60000,2024-08-07,2000,초지동
molit,휴먼빌2차,119.225,16,51000,2024-08-05,2007,신길동
molit,군자주공12,38.64,10,21500,2024-08-09,1991,선부동
molit,군자주공15(저층),39.61,2,22000,2024-08-10,1992,선부동
molit,산호한양,29.2725,8,13500,2024-08-12,1993,선부동
molit,군자주공11,46.65,3,29000,2024-08-10,1990,선부동
molit,초지역메이저타운푸르지오메트로단지,59.9333,35,67000,2024-08-10,2019,초지동
molit,안산메트로타운푸르지오힐스테이트,59.9683,19,40950,2024-08-06,2018,선부동
molit,군자주공15(저층),39.61,3,21400,2024-08-10,1992,선부동
molit,군자주공10,39.66,3,30000,2024-08-06,1989,선부동
molit,군자주공10,39.27,1,29300,2024-08-10,1989,선부동
molit,안산라프리모,84.9673,22,62000,2024-08-02,2020,선부동
molit,군자주공15(저층),40.0,2,23000,2024-08-06,1992,선부동
molit,주공6,46.74,4,45000,2024-08-09,1986,고잔동
molit,주공6,39.72,2,38000,2024-08-02,1986,고잔동
molit,주공그린빌14단지,59.88,8,33500,2024-08-09,2002,초지동
molit,호수마을풍림,118.96,17,53000,2024-08-07,2000,초지동
molit,호수마을풍림,84.96,5,47900,2024-08-07,2000,초지동
molit,안산라프리모,84.9673,7,60500,2024-08-07,2020,선부동
molit,호수마을풍림,84.96,9,45000,2024-08-06,2000,초지동
molit,군자주공14,40.0,1,19500,2024-08-01,1992,선부동
molit,주공(9단지),67.28,4,35500,2024-08-05,1986,고잔동
molit,안산8차푸르지오,59.9624,2,36800,2024-08-05,2006,원곡동
molit,대우푸르지오5,84.807,1,57500,2024-08-02,2003,고잔동
molit,대우푸르지오5,84.916,10,57900,2024-08-03,2003,고잔동
molit,보광그랑베르,17.6435,9,6100,2024-08-07,2015,선부동
molit,초지역메이저타운푸르지오메트로단지,59.9333,10,67000,2024-08-02,2019,초지동
molit,양지마을,84.838,12,57000,2024-08-05,2001,고잔동
molit,주공그린빌9,75.58,5,50500,2024-08-03,2001,고잔동
molit,주공그린빌9,75.82,7,50000,2024-08-06,2001,고잔동
molit,초지역메이저타운푸르지오메트로단지,48.3659,30,52700,2024-08-06,2019,초지동
molit,안산레이크타운푸르지오,59.5637,14,69500,2024-08-05,2016,고잔동
molit,경남아너스빌,84.99,3,42000,2024-08-06,2005,원곡동
molit,포레나안산고잔,59.9803,27,40000,2024-08-05,2023,고잔동
molit,벽산블루밍,59.95,8,35000,2024-08-06,2004,원곡동
molit,주공8,64.62,6,35500,2024-08-03,1987,고잔동
molit,벽산블루밍,59.95,2,33500,2024-08-05,2004,원곡동
molit,경남아너스빌,59.99,2,36000,2024-08-03,2005,원곡동
molit,그린빌15(해맑음마을),40.83,3,17600,2024-08-05,2002,초지동
molit,주공8,75.51,13,43000,2024-08-01,1987,고잔동
molit,초지역메이저타운푸르지오메트로단지,48.3659,22,52000,2024-09-23,2019,초지동
molit,안산레이크타운푸르지오,59.5637,9,70200,2024-09-09,2016,고잔동
molit,초지역메이저타운푸르지오에코단지,59.5958,4,58000,2024-09-08,2019,원곡동
molit,호수마을풍림,74.35,12,41800,2024-09-27,2000,초지동
molit,고잔롯데캐슬골드파크,59.97,1,51900,2024-09-21,2018,고잔동
molit,주공7,54.9,7,28000,2024-09-11,1987,고잔동
molit,그린빌15(해맑음마을),59.97,8,34500,2024-09-30,2002,초지동
molit,포레나안산고잔,59.9893,14,50000,2024-09-30,2023,고잔동
molit,네오빌6단지,84.5,6,56000,2024-09-25,2000,고잔동
molit,천년가리더스카이,74.9807,3,40000,2024-09-30,2020,와동
molit,호수마을풍림,142.78,19,63000,2024-09-25,2000,초지동
molit,호수마을풍림,84.96,10,42000,2024-09-28,2000,초지동
molit,호수마을풍림,74.35,14,43400,2024-09-20,2000,초지동
molit,푸르지오4차,77.8241,11,55500,2024-09-27,2003,고잔동
molit,안산라프리모,74.926,29,54900,2024-09-30,2020,선부동
molit,주공(9단지),61.52,3,30000,2024-09-26,1986,고잔동
molit,군자주공11,46.98,1,27200,2024-09-21,1990,선부동
molit,군자주공11,39.66,5,21000,2024-09-27,1990,선부동
molit,주공그린빌14단지,59.76,3,32200,2024-09-23,2002,초지동
molit,초지역메이저타운푸르지오파크단지,72.7925,22,52000,2024-09-23,2019,초지동
molit,휴먼빌2차,84.704,6,41300,2024-09-07,2007,신길동
molit,주공그린빌8,84.7,1,53800,2024-09-30,2001,고잔동
molit,센트럴푸르지오,99.7579,4,94000,2024-09-21,2018,고잔동
molit,안산메트로타운푸르지오힐스테이트,74.4993,38,48400,2024-09-15,2018,선부동
molit,군자주공9,39.66,2,27000,2024-09-25,1989,선부동
molit,그린빌15(해맑음마을),59.97,5,34300,2024-09-26,2002,초지동
molit,호수공원(대림1),87.152,3,54300,2024-09-27,2001,고잔동
molit,호수마을풍림,142.78,18,65000,2024-09-25,2000,초지동
molit,호수공원(대림1),134.878,3,100000,2024-09-27,2001,고잔동
molit,주공그린빌14단지,59.88,8,33400,2024-09-27,2002,초지동
molit,힐스테이트중앙,84.9761,17,89900,2024-09-21,2018,고잔동
molit,푸르지오4차,59.7897,3,46900,2024-09-23,2003,고잔동
molit,일신건영휴먼빌,84.991,7,30000,2024-09-25,2005,선부동
molit,서해그랑블,100.994,12,51800,2024-09-30,2004,초지동
molit,주공그린빌11,84.99,3,44000,2024-09-25,2003,초지동
molit,서해그랑블,84.962,4,42000,2024-09-27,2004,초지동
molit,그린빌18,49.41,2,25500,2024-09-30,2001,초지동
molit,푸르지오3차,121.46,20,80000,2024-09-10,2003,고잔동
molit,초지역메이저타운푸르지오메트로단지,59.9761,13,64000,2024-09-30,2019,초지동
molit,벽산블루밍,84.99,10,42100,2024-09-26,2004,원곡동
molit,군자주공12,38.64,10,21900,2024-09-28,1991,선부동
molit,한화꿈에그린,74.2317,6,42400,2024-09-24,2006,원곡동
molit,이편한세상선부역어반스퀘어,59.96,18,50000,2024-09-11,2020,선부동
molit,한화꿈에그린,84.9146,3,47500,2024-09-28,2006,원곡동
molit,주공(9단지),54.9,3,27000,2024-09-30,1986,고잔동
molit,주공8,54.9,14,28200,2024-09-30,1987,고잔동
molit,보네르빌리지,103.146,6,53000,2024-09-24,2001,고잔동
molit,공작한양(저층),70.0025,1,27000,2024-09-26,1992,선부동
molit,공작한양(고층),42.615,5,18900,2024-09-30,1992,선부동
molit,주공그린빌8,84.5,11,58000,2024-09-12,2001,고잔동
molit,군자주공15(고층),41.3,14,21500,2024-09-27,1993,선부동
molit,군자주공15(저층),39.61,5,20500,2024-09-28,1992,선부동
molit,주공그린빌12,84.99,3,43500,2024-09-30,2003,초지동
molit,푸르지오3차,71.55,9,64000,2024-09-23,2003,고잔동
molit,푸르지오1차,84.782,15,64000,2024-09-13,2001,고잔동
molit,초지역메이저타운푸르지오파크단지,49.9999,21,50000,2024-09-29,2019,초지동
molit,e편한세상초지역센트럴포레,84.996,20,76800,2024-09-13,2021,원곡동
molit,군자주공10,39.27,5,25500,2024-09-24,1989,선부동
molit,호수공원(대림1),163.47,5,103000,2024-09-03,2001,고잔동
molit,안산레이크타운푸르지오,59.5637,9,70200,2024-09-09,2016,고잔동
molit,수정한양,84.975,5,40000,2024-09-30,1991,선부동
molit,수정한양,49.98,2,26800,2024-09-28,1991,선부동
molit,호수마을풍림,74.35,12,41800,2024-09-27,2000,초지동
molit,경남아너스빌,59.99,10,39500,2024-09-09,2005,원곡동
molit,안산레이크타운푸르지오,59.5637,13,74000,2024-09-28,2016,고잔동
molit,안산라프리모,84.9673,9,60300,2024-09-09,2020,선부동
molit,벽산블루밍,84.99,13,39700,2024-09-30,2004,원곡동
molit,동명벽산블루밍,84.94,4,50500,2024-09-26,2010,선부동
molit,수정한양,49.98,1,22800,2024-09-21,1991,선부동
molit,그린빌18,39.3,2,21200,2024-09-25,2001,초지동
molit,휴먼빌2차,84.704,6,41300,2024-09-07,2007,신길동
molit,고잔롯데캐슬골드파크,84.96,7,70000,2024-09-12,2018,고잔동
molit,양지마을,135.151,7,78000,2024-09-03,2001,고잔동
molit,호수공원(대림1),99.541,2,62500,2024-09-21,2001,고잔동
molit,휴먼빌2차,84.704,7,39000,2024-09-04,2007,신길동
molit,주공그린빌7,75.56,4,48500,2024-09-28,2001,고잔동
molit,고잔롯데캐슬골드파크,59.97,1,51900,2024-09-21,2018,고잔동
molit,호수마을풍림,84.96,14,45000,2024-09-28,2000,초지동
molit,주공5,47.1,5,49000,2024-09-21,1986,고잔동
molit,주공(9단지),54.9,3,30500,2024-09-05,1986,고잔동
molit,푸르지오4차,84.3128,10,53700,2024-09-06,2003,고잔동
molit,공작한양(고층),42.615,15,16800,2024-09-28,1992,선부동
molit,주공8,54.9,15,27000,2024-09-21,1987,고잔동
molit,주공그린빌9,84.5,1,50000,2024-09-28,2001,고잔동
molit,주공8,64.62,5,33900,2024-09-21,1987,고잔동
molit,안산라프리모,59.4504,19,48000,2024-09-01,2020,선부동
molit,공작한양(고층),73.9581,2,35500,2024-09-26,1992,선부동
molit,대우푸르지오5,84.807,10,59000,2024-09-07,2003,고잔동
molit,대우푸르지오5,72.298,5,53500,2024-09-07,2003,고잔동
molit,안산메트로타운푸르지오힐스테이트,74.7692,2,43950,2024-09-23,2018,선부동
molit,주공7,67.28,2,33300,2024-09-03,1987,고잔동
molit,주공그린빌12,84.95,3,41000,2024-09-21,2003,초지동
molit,그린빌15(해맑음마을),59.97,3,32000,2024-09-09,2002,초지동
molit,안산신길온천역휴먼빌,84.9773,19,37000,2024-09-20,2005,신길동
molit,공작한양(고층),28.215,9,13500,2024-09-12,1992,선부동
molit,양지마을,135.151,3,71800,2024-09-05,2001,고잔동
molit,벽산블루밍,84.99,17,39000,2024-09-08,2004,원곡동
molit,안산라프리모,74.8727,18,49500,2024-09-24,2020,선부동
molit,안산8차푸르지오,84.9897,15,42800,2024-09-21,2006,원곡동
molit,주공그린빌14단지,59.76,9,37800,2024-09-23,2002,초지동
molit,군자주공9,39.66,1,28000,2024-09-23,1989,선부동
molit,주공그린빌11,75.99,13,45000,2024-09-21,2003,초지동
molit,e편한세상초지역센트럴포레,72.961,18,72500,2024-09-13,2021,원곡동
molit,네오빌6단지,75.51,8,53300,2024-09-12,2000,고잔동
molit,주공그린빌12,75.99,8,46000,2024-09-12,2003,초지동
molit,양지마을,135.151,3,71800,2024-09-05,2001,고잔동
molit,벽산블루밍,84.99,5,39800,2024-09-29,2004,원곡동
molit,고잔롯데캐슬골드파크,59.97,27,54000,2024-09-22,2018,고잔동
molit,안산메트로타운푸르지오힐스테이트,59.8167,37,41400,2024-09-11,2018,선부동
molit,동명벽산블루밍,84.94,23,54900,2024-09-05,2010,선부동
molit,보네르빌리지,116.843,4,65000,2024-09-05,2001,고잔동
molit,군자주공14,39.61,3,20000,2024-09-20,1992,선부동
molit,호수마을풍림,101.99,1,45000,2024-09-02,2000,초지동
molit,주공(9단지),64.62,5,35400,2024-09-12,1986,고잔동
molit,힐스테이트중앙,74.9729,23,78000,2024-09-07,2018,고잔동
molit,수정한양,84.975,14,39000,2024-09-26,1991,선부동
molit,벽산블루밍,59.95,6,38800,2024-09-01,2004,원곡동
molit,두산위브,59.991,16,30000,2024-09-02,2004,신길동
molit,안산메트로타운푸르지오힐스테이트,74.4993,17,47500,2024-09-05,2018,선부동
molit,휴먼시아6단지,84.64,7,38500,2024-09-03,2009,신길동
molit,주공그린빌11,75.99,13,45000,2024-09-21,2003,초지동
molit,그린빌15(해맑음마을),59.97,1,30250,2024-09-05,2002,초지동
molit,휴먼시아6단지,84.91,11,38500,2024-09-10,2009,신길동
molit,휴먼시아6단지,84.91,3,36300,2024-09-07,2009,신길동
molit,주공7,64.62,4,32500,2024-09-11,1987,고잔동
molit,공작한양(고층),28.215,7,13200,2024-09-13,1992,선부동
molit,호수공원(대림1),87.152,10,58000,2024-09-10,2001,고잔동
molit,초지역메이저타운푸르지오파크단지,59.9333,6,60000,2024-09-04,2019,초지동
molit,힐스테이트중앙,84.9761,2,84000,2024-09-05,2018,고잔동
molit,서해그랑블,71.939,10,45300,2024-09-05,2004,초지동
molit,서해그랑블,84.962,10,43000,2024-09-06,2004,초지동
molit,초지역메이저타운푸르지오메트로단지,84.5027,7,85000,2024-09-10,2019,초지동
molit,주공7,54.9,7,28000,2024-09-11,1987,고잔동
molit,그린빌15(해맑음마을),40.83,6,19500,2024-09-20,2002,초지동
molit,주공그린빌13단지,39.38,2,21200,2024-09-19,2002,초지동
molit,안산레이크타운푸르지오,84.7053,7,89000,2024-09-10,2016,고잔동
molit,서해그랑블,100.994,11,52250,2024-09-03,2004,초지동
molit,벽산블루밍,59.95,2,32000,2024-09-03,2004,원곡동
molit,보광그랑베르,19.2435,9,5850,2024-09-13,2015,선부동
molit,이편한세상선부역어반스퀘어,84.99,12,66500,2024-09-10,2020,선부동
molit,주공그린빌14단지,40.62,5,20000,2024-09-14,2002,초지동
molit,휴먼빌2차,119.225,2,45000,2024-09-19,2007,신길동
molit,대우푸르지오5,84.916,3,53500,2024-09-19,2003,고잔동
molit,벽산블루밍,84.99,5,40000,2024-09-13,2004,원곡동
molit,초지역메이저타운푸르지오파크단지,49.9999,3,49000,2024-09-11,2019,초지동
molit,주공6,39.72,1,37000,2024-09-06,1986,고잔동
molit,주공5,46.74,2,51200,2024-09-06,1986,고잔동
molit,롯데캐슬더퍼스트,84.97,24,62800,2024-09-06,2018,초지동
molit,초지역메이저타운푸르지오에코단지,59.5958,13,60000,2024-09-04,2019,원곡동
molit,주공5,46.74,1,50000,2024-09-06,1986,고잔동
molit,호수공원(대림1),87.152,7,63000,2024-09-13,2001,고잔동
molit,대우푸르지오5,63.013,9,51000,2024-09-12,2003,고잔동
molit,이편한세상선부역어반스퀘어,49.97,5,43000,2024-09-12,2020,선부동
molit,군자주공10,39.27,5,29500,2024-09-11,1989,선부동
molit,동명벽산블루밍,59.98,15,41500,2024-09-07,2010,선부동
molit,주공8,54.9,6,26900,2024-09-10,1987,고잔동
molit,군자주공14,39.61,5,19000,2024-09-09,1992,선부동
molit,수정한양,49.98,2,25700,2024-09-02,1991,선부동
molit,산호한양,29.2725,19,14700,2024-09-07,1993,선부동
molit,군자주공12,44.94,1,24000,2024-09-04,1991,선부동
molit,안산라프리모,84.9673,16,60000,2024-09-03,2020,선부동
molit,주공그린빌7,75.6,2,44500,2024-09-05,2001,고잔동
molit,인썬캐슬,82.1,9,30000,2024-09-01,2013,와동
molit,초지역메이저타운푸르지오에코단지,59.9084,26,63500,2024-09-03,2019,원곡동
molit,롯데캐슬더퍼스트,84.97,26,64500,2024-09-07,2018,초지동
molit,삼익,59.59,12,27000,2024-09-05,1998,신길동
molit,휴먼시아4단지,84.82,10,39800,2024-09-11,2012,신길동
molit,그린빌18,49.86,1,22000,2024-09-11,2001,초지동
molit,초지역메이저타운푸르지오에코단지,59.5958,4,58000,2024-09-08,2019,원곡동
molit,호수마을풍림,84.96,4,45300,2024-09-02,2000,초지동
molit,안산메트로타운푸르지오힐스테이트,84.5304,7,52000,2024-09-03,2018,선부동
molit,안산메트로타운푸르지오힐스테이트,74.7692,32,47500,2024-09-02,2018,선부동
molit,서해그랑블,71.939,2,39500,2024-09-05,2004,초지동
molit,초지역메이저타운푸르지오에코단지,59.5958,37,60000,2024-09-02,2019,원곡동
molit,주공6,46.74,5,45000,2024-09-03,1986,고잔동
molit,주공그린빌14단지,49.54,7,26800,2024-09-05,2002,초지동
molit,군자주공11,39.66,5,22000,2024-09-03,1990,선부동
molit,휴먼시아6단지,84.64,15,38500,2024-09-05,2009,신길동
molit,군자주공11,39.66,1,23200,2024-09-03,1990,선부동
molit,롯데캐슬더퍼스트,59.98,3,47700,2024-09-04,2018,초지동
molit,초지역메이저타운푸르지오메트로단지,59.9333,33,66000,2024-09-02,2019,초지동
molit,호수마을풍림,84.96,2,43500,2024-09-04,2000,초지동
molit,안산8차푸르지오,59.9624,10,39200,2024-09-03,2006,원곡동
molit,공작한양(고층),42.615,14,17000,2024-09-02,1992,선부동
molit,e편한세상초지역센트럴포레,84.996,7,76000,2024-09-01,2021,원곡동
molit,주공그린빌11,75.99,4,40000,2024-10-22,2003,초지동
molit,벽산블루밍,59.95,4,35000,2024-10-14,2004,원곡동
molit,보네르빌리지,116.843,25,56000,2024-10-02,2001,고잔동
molit,안산아이파크,84.42,3,45500,2024-10-19,2013,신길동
molit,푸르지오3차,84.96,4,70400,2024-10-15,2003,고잔동
molit,벽산블루밍,59.95,5,34500,2024-10-31,2004,원곡동
molit,e편한세상초지역센트럴포레,59.974,23,60000,2024-10-20,2021,원곡동
molit,휴먼빌2차,84.704,15,47000,2024-10-18,2007,신길동
molit,안산라프리모,99.4568,7,78000,2024-10-31,2020,선부동
molit,천년가리더스카이,59.4462,6,33800,2024-10-31,2020,와동
molit,공작한양(고층),28.215,10,13050,2024-10-27,1992,선부동
molit,그린빌15(해맑음마을),59.97,2,31500,2024-10-29,2002,초지동
molit,양지마을,84.838,5,53500,2024-10-28,2001,고잔동
molit,힐스테이트중앙,84.9761,32,88000,2024-10-18,2018,고잔동
molit,주공8,66.56,7,29000,2024-10-30,1987,고잔동
molit,벽산블루밍,59.95,5,34500,2024-10-31,2004,원곡동
molit,안산아이파크,72.57,11,43000,2024-10-31,2013,신길동
molit,안산아이파크,84.09,2,43000,2024-10-30,2013,신길동
molit,수정한양,155.155,9,48500,2024-10-29,1991,선부동
molit,주공그린빌13단지,51.75,7,28500,2024-10-11,2002,초지동
molit,서해그랑블,100.994,13,46500,2024-10-19,2004,초지동
molit,경남아너스빌,84.99,5,43000,2024-10-28,2005,원곡동
molit,서해그랑블,71.939,8,38200,2024-10-18,2004,초지동
molit,군자주공12,38.64,8,20000,2024-10-24,1991,선부동
molit,휴먼시아4단지,84.98,5,40000,2024-10-27,2012,신길동
molit,주공5,46.74,5,49600,2024-10-31,1986,고잔동
molit,휴먼시아6단지,84.91,13,37000,2024-10-30,2009,신길동
molit,휴먼빌2차,119.225,18,52000,2024-10-27,2007,신길동
molit,푸르지오3차,84.96,4,70400,2024-10-15,2003,고잔동
molit,벽산블루밍,59.95,4,35000,2024-10-14,2004,원곡동
molit,벽산블루밍,84.99,8,41700,2024-10-14,2004,원곡동
molit,군자주공14,40.0,2,20000,2024-10-12,1992,선부동
molit,휴먼빌2차,84.704,3,41900,2024-10-25,2007,신길동
molit,안산8차푸르지오,84.9897,18,46000,2024-10-26,2006,원곡동
molit,이편한세상선부역어반스퀘어,59.96,18,50000,2024-10-30,2020,선부동
molit,푸르지오1차,84.7828,9,58000,2024-10-24,2001,고잔동
molit,주공(9단지),61.52,10,32000,2024-10-22,1986,고잔동
molit,초지역메이저타운푸르지오메트로단지,59.9333,27,66800,2024-10-10,2019,초지동
molit,서해그랑블,71.939,9,40000,2024-10-21,2004,초지동
molit,군자주공14,46.99,1,25500,2024-10-28,1992,선부동
molit,힐스테이트중앙,74.993,31,78000,2024-10-30,2018,고잔동
molit,수정한양,69.895,5,32000,2024-10-23,1991,선부동
molit,호수공원(대림1),99.541,11,71800,2024-10-21,2001,고잔동
molit,초지역메이저타운푸르지오파크단지,59.9333,30,62000,2024-10-28,2019,초지동
molit,주공(9단지),66.56,4,37000,2024-10-26,1986,고잔동
molit,군자주공14,40.0,3,20300,2024-10-29,1992,선부동
molit,경남아너스빌,84.99,22,47500,2024-10-22,2005,원곡동
molit,산호한양,29.2725,16,14000,2024-10-29,1993,선부동
molit,경남아너스빌,59.99,15,38900,2024-10-22,2005,원곡동
molit,초지역메이저타운푸르지오파크단지,72.7925,7,68900,2024-10-26,2019,초지동
molit,주공그린빌12,75.99,8,46000,2024-10-18,2003,초지동
molit,군자주공14,40.0,3,14000,2024-10-29,1992,선부동
molit,안산메트로타운푸르지오힐스테이트,59.8167,35,41400,2024-10-25,2018,선부동
molit,천년가리더스카이,74.9807,24,40000,2024-10-23,2020,와동
molit,보네르빌리지,89.081,9,50500,2024-10-13,2001,고잔동
molit,군자주공9,39.27,3,27500,2024-10-25,1989,선부동
molit,안산메트로타운푸르지오힐스테이트,59.8167,35,41400,2024-10-25,2018,선부동
molit,산호한양,42.615,1,16250,2024-10-29,1993,선부동
molit,이편한세상선부역어반스퀘어,74.95,27,60200,2024-10-12,2020,선부동
molit,그린빌15(해맑음마을),59.97,5,35000,2024-10-11,2002,초지동
molit,공작한양(고층),42.615,12,18100,2024-10-28,1992,선부동
molit,산호한양,42.615,19,20800,2024-10-24,1993,선부동
molit,힐스테이트중앙,59.9929,18,68500,2024-10-18,2018,고잔동
molit,주공그린빌13단지,51.89,6,28800,2024-10-09,2002,초지동
molit,주공그린빌13단지,51.89,8,29000,2024-10-11,2002,초지동
molit,군자주공9,46.98,5,30000,2024-10-14,1989,선부동
molit,삼익,59.59,8,24500,2024-10-31,1998,신길동
molit,서해그랑블,84.962,7,43500,2024-10-09,2004,초지동
molit,휴먼시아4단지,84.98,3,39000,2024-10-30,2012,신길동
molit,산호한양,42.615,4,18000,2024-10-30,1993,선부동
molit,주공그린빌9,75.82,13,50800,2024-10-09,2001,고잔동
molit,휴먼시아6단지,75.69,4,36000,2024-10-31,2009,신길동
molit,호수마을풍림,142.78,11,61000,2024-10-16,2000,초지동
molit,수정한양,49.98,2,25800,2024-10-23,1991,선부동
molit,그린빌15(해맑음마을),49.98,8,27000,2024-10-12,2002,초지동
molit,서해그랑블,71.939,13,44500,2024-10-09,2004,초지동
molit,수정한양,84.975,10,39900,2024-10-30,1991,선부동
molit,그린빌18,49.86,12,24200,2024-10-08,2001,초지동
molit,동명벽산블루밍,84.94,16,52900,2024-10-23,2010,선부동
molit,산호한양,29.2725,2,13400,2024-10-22,1993,선부동
molit,그린빌18,49.86,1,21800,2024-10-07,2001,초지동
molit,이편한세상선부역어반스퀘어,59.96,24,52500,2024-10-18,2020,선부동
molit,벽산블루밍,84.99,10,41500,2024-10-12,2004,원곡동
molit,호수마을풍림,101.99,15,49500,2024-10-11,2000,초지동
molit,산호한양,42.615,7,17500,2024-10-24,1993,선부동
molit,네오빌6단지,84.5,13,55000,2024-10-05,2000,고잔동
molit,주공(9단지),61.52,10,32100,2024-10-28,1986,고잔동
molit,주공그린빌11,84.99,1,34000,2024-10-07,2003,초지동
molit,수정한양,84.975,5,44500,2024-10-19,1991,선부동
molit,보네르빌리지,116.843,25,56000,2024-10-02,2001,고잔동
molit,군자주공9,46.98,5,32000,2024-10-17,1989,선부동
molit,주공그린빌13단지,51.89,6,28000,2024-10-27,2002,초지동
molit,군자주공10,39.66,5,28500,2024-10-20,1989,선부동
molit,휴먼시아3단지,84.87,13,38000,2024-10-19,2009,신길동
molit,서해그랑블,84.962,9,45500,2024-10-25,2004,초지동
molit,삼익,84.96,5,30000,2024-10-15,1998,신길동
molit,휴먼시아3단지,84.88,11,35500,2024-10-10,2009,신길동
molit,힐스테이트중앙,59.9929,7,66500,2024-10-28,2018,고잔동
molit,안산아이파크,84.42,2,44000,2024-10-22,2013,신길동
molit,초지역메이저타운푸르지오메트로단지,59.9333,18,65000,2024-10-26,2019,초지동
molit,군자주공11,46.65,3,29000,2024-10-19,1990,선부동
molit,센트럴푸르지오,84.9529,11,85000,2024-10-12,2018,고잔동
molit,대우푸르지오5,63.013,9,50000,2024-10-26,2003,고잔동
molit,대우푸르지오5,84.916,12,62500,2024-10-25,2003,고잔동
molit,그린빌18,39.37,1,19000,2024-10-14,2001,초지동
molit,그린빌18,39.3,9,19500,2024-10-04,2001,초지동
molit,대우푸르지오5,84.916,13,60500,2024-10-07,2003,고잔동
molit,안산라프리모,59.4504,9,49800,2024-10-23,2020,선부동
molit,수정한양,49.98,1,21500,2024-10-21,1991,선부동
molit,공작한양(저층),50.085,5,21000,2024-10-18,1992,선부동
molit,주공5,47.1,2,49800,2024-10-24,1986,고잔동
molit,공작한양(저층),50.085,5,25000,2024-10-23,1992,선부동
molit,푸르지오1차,71.1837,9,55000,2024-10-12,2001,고잔동
molit,안산메트로타운푸르지오힐스테이트,74.4993,18,46500,2024-10-20,2018,선부동
molit,휴먼시아4단지,74.9,4,36000,2024-10-19,2012,신길동
molit,호수공원(대림1),87.152,11,64000,2024-10-19,2001,고잔동
molit,초지역메이저타운푸르지오메트로단지,59.9761,8,62000,2024-10-09,2019,초지동
molit,군자주공9,39.27,5,28000,2024-10-12,1989,선부동
molit,안산메트로타운푸르지오힐스테이트,59.9683,44,42600,2024-10-13,2018,선부동
molit,주공그린빌11,75.99,4,40000,2024-10-22,2003,초지동
molit,안산메트로타운푸르지오힐스테이트,59.9683,44,42600,2024-10-13,2018,선부동
molit,호수마을풍림,74.35,15,45000,2024-10-08,2000,초지동
molit,호수마을풍림,84.96,1,42000,2024-10-07,2000,초지동
molit,안산8차푸르지오,84.9897,10,46000,2024-10-21,2006,원곡동
molit,경남아너스빌,115.3,20,56400,2024-10-23,2005,원곡동
molit,푸르지오4차,84.3128,10,57700,2024-10-10,2003,고잔동
molit,휴먼시아6단지,84.91,8,38500,2024-10-21,2009,신길동
molit,안산아이파크,84.42,3,45500,2024-10-19,2013,신길동
molit,양지마을,69.546,15,47800,2024-10-10,2001,고잔동
molit,주공그린빌11,75.99,4,40000,2024-10-22,2003,초지동
molit,오성푸르메APT101동,84.99,10,34000,2024-10-19,2014,고잔동
molit,휴먼시아3단지,84.87,9,38000,2024-10-22,2009,신길동
molit,수정한양,69.895,1,30000,2024-10-08,1991,선부동
molit,주공7,75.24,6,38000,2024-10-07,1987,고잔동
molit,주공7,75.51,15,39000,2024-10-15,1987,고잔동
molit,고잔롯데캐슬골드파크,84.96,6,71500,2024-10-18,2018,고잔동
molit,주공6,39.72,3,37000,2024-10-14,1986,고잔동
molit,푸르지오4차,77.8241,7,51500,2024-10-05,2003,고잔동
molit,주공7,64.62,6,33000,2024-10-12,1987,고잔동
molit,푸르지오4차,59.7897,3,46000,2024-10-21,2003,고잔동
molit,주공7,67.28,13,32000,2024-10-19,1987,고잔동
molit,푸르지오4차,59.7897,3,46000,2024-10-21,2003,고잔동
molit,주공그린빌14단지,59.76,1,30000,2024-10-11,2002,초지동
molit,주공그린빌14단지,59.76,1,30000,2024-10-11,2002,초지동
molit,그린빌15(해맑음마을),59.97,7,36500,2024-10-11,2002,초지동
molit,그린빌15(해맑음마을),59.97,5,33300,2024-10-09,2002,초지동
molit,그린빌15(해맑음마을),49.98,8,27000,2024-10-12,2002,초지동
molit,서해그랑블,100.994,7,52200,2024-10-19,2004,초지동
molit,이편한세상선부역어반스퀘어,59.93,10,50200,2024-10-19,2020,선부동
molit,안산라프리모,84.9673,14,47000,2024-10-19,2020,선부동
molit,e편한세상초지역센트럴포레,59.974,23,60000,2024-10-20,2021,원곡동
molit,e편한세상초지역센트럴포레,59.974,23,60000,2024-10-16,2021,원곡동
molit,안산메트로타운푸르지오힐스테이트,74.4993,3,45500,2024-10-19,2018,선부동
molit,안산메트로타운푸르지오힐스테이트,59.9683,44,42600,2024-10-13,2018,선부동
molit,e편한세상선부파크플레이스2차,59.98,10,46000,2024-10-14,2018,선부동
molit,호수마을풍림,74.35,2,38900,2024-10-03,2000,초지동
molit,산호한양,29.2725,19,15000,2024-10-19,1993,선부동
molit,삼익,59.59,4,23800,2024-10-09,1998,신길동
molit,대우푸르지오5,84.916,2,56000,2024-10-18,2003,고잔동
molit,휴먼시아3단지,84.87,7,38000,2024-10-18,2009,신길동
molit,서해그랑블,100.994,11,54000,2024-10-08,2004,초지동
molit,휴먼시아3단지,84.87,9,38000,2024-10-18,2009,신길동
molit,서해그랑블,114.785,26,60000,2024-10-08,2004,초지동
molit,휴먼시아3단지,84.87,9,38000,2024-10-17,2009,신길동
molit,고잔롯데캐슬골드파크,59.98,27,57500,2024-10-02,2018,고잔동
molit,초지역메이저타운푸르지오에코단지,59.9084,32,59800,2024-10-14,2019,원곡동
molit,군자주공12,38.64,13,23000,2024-10-09,1991,선부동
molit,군자주공12,38.64,1,20000,2024-10-09,1991,선부동
molit,초지역메이저타운푸르지오파크단지,72.7925,24,69800,2024-10-11,2019,초지동
molit,e편한세상초지역센트럴포레,84.996,20,80000,2024-10-05,2021,원곡동
molit,경남아너스빌,59.99,3,36000,2024-10-15,2005,원곡동
molit,안산라프리모,74.926,24,57800,2024-10-12,2020,선부동
molit,군자주공12,44.94,14,24900,2024-10-15,1991,선부동
molit,롯데캐슬더퍼스트,59.98,15,50250,2024-10-15,2018,초지동
molit,초지역메이저타운푸르지오메트로단지,59.9333,24,64500,2024-10-15,2019,초지동
molit,안산푸르지오브리파크,59.9692,26,55500,2024-10-05,2023,원곡동
molit,보광그랑베르,17.6435,8,5800,2024-10-09,2015,선부동
molit,안산라프리모,74.7282,17,59500,2024-10-11,2020,선부동
molit,안산아이파크,84.26,7,46800,2024-10-03,2013,신길동
molit,고잔롯데캐슬골드파크,84.96,14,74900,2024-10-12,2018,고잔동
molit,호수마을풍림,74.35,1,39500,2024-10-08,2000,초지동
molit,주공그린빌13단지,51.75,6,28400,2024-10-07,2002,초지동
molit,그린빌18,49.86,8,22500,2024-10-10,2001,초지동
molit,벽산블루밍,84.99,13,41000,2024-10-14,2004,원곡동
molit,안산8차푸르지오,59.9624,13,37000,2024-10-05,2006,원곡동
molit,안산메트로타운푸르지오힐스테이트,74.4993,33,46500,2024-10-12,2018,선부동
molit,주공그린빌13단지,51.89,10,28000,2024-10-04,2002,초지동
molit,보네르빌리지,89.081,6,52000,2024-10-04,2001,고잔동
molit,대우푸르지오5,63.013,3,44000,2024-10-09,2003,고잔동
molit,안산라프리모,74.926,25,50000,2024-10-10,2020,선부동
molit,이편한세상선부역어반스퀘어,59.93,15,52000,2024-10-03,2020,선부동
molit,안산8차푸르지오,84.9897,23,44000,2024-10-06,2006,원곡동
molit,두산위브,59.98,20,49000,2024-10-01,2015,초지동
molit,주공8,66.38,7,29000,2024-10-09,1987,고잔동
molit,주공(9단지),66.56,11,37000,2024-10-08,1986,고잔동
molit,산호한양,50.085,1,24000,2024-10-12,1993,선부동
molit,주공5,47.1,2,49000,2024-10-04,1986,고잔동
molit,동명벽산블루밍,74.02,13,51400,2024-10-11,2010,선부동
molit,호수공원(대림1),99.541,1,61000,2024-10-05,2001,고잔동
molit,호수마을풍림,84.96,9,40000,2024-10-01,2000,초지동
molit,e편한세상초지역센트럴포레,59.974,18,60500,2024-10-07,2021,원곡동
molit,e편한세상초지역센트럴포레,59.974,17,60000,2024-10-01,2021,원곡동
molit,호수공원(대림1),87.152,13,60000,2024-10-04,2001,고잔동
molit,주공그린빌12,84.99,9,46000,2024-10-08,2003,초지동
molit,벽산블루밍,84.99,12,41500,2024-10-06,2004,원곡동
molit,산호한양,42.615,8,18800,2024-10-09,1993,선부동
molit,벽산블루밍,59.95,22,38200,2024-10-07,2004,원곡동
molit,동명벽산블루밍,59.98,5,42000,2024-10-08,2010,선부동
molit,주공8,61.52,2,27500,2024-10-09,1987,고잔동
molit,그린빌18,49.86,4,24000,2024-10-04,2001,초지동
molit,주공그린빌11,84.99,10,44300,2024-10-08,2003,초지동
molit,초지역메이저타운푸르지오파크단지,84.8438,5,74750,2024-10-05,2019,초지동
molit,안산8차푸르지오,84.9897,12,46500,2024-10-01,2006,원곡동
molit,안산푸르지오브리파크,49.7492,22,45000,2024-10-02,2023,원곡동
molit,호수공원(대림1),134.878,5,84000,2024-10-05,2001,고잔동
molit,주공7,75.24,10,39000,2024-10-05,1987,고잔동
molit,안산라프리모,59.4885,4,49000,2024-10-04,2020,선부동
molit,호수공원(대림1),99.541,13,71800,2024-10-01,2001,고잔동
molit,수정한양,49.98,4,26000,2024-10-03,1991,선부동
molit,안산중흥S클래스더퍼스트,84.8856,17,55500,2024-10-03,2024,선부동
molit,e편한세상초지역센트럴포레,59.974,12,57000,2024-10-03,2021,원곡동
molit,고잔롯데캐슬골드파크,49.74,14,47000,2024-10-02,2018,고잔동
molit,힐스테이트중앙,59.9633,23,67000,2024-10-01,2018,고잔동
molit,주공그린빌14단지,59.76,5,33000,2024-10-02,2002,초지동
molit,호수마을풍림,118.96,11,55500,2024-11-16,2000,초지동
molit,호수마을풍림,118.96,18,58500,2024-11-30,2000,초지동
molit,주공그린빌13단지,51.75,3,26300,2024-11-28,2002,초지동
molit,호수마을풍림,74.35,10,43500,2024-11-30,2000,초지동
molit,푸르지오1차,84.782,13,62000,2024-11-29,2001,고잔동
molit,주공그린빌12,84.95,12,47500,2024-11-23,2003,초지동
molit,호수마을풍림,84.96,5,42300,2024-11-25,2000,초지동
molit,고잔롯데캐슬골드파크,59.98,29,55000,2024-11-19,2018,고잔동
molit,네오빌6단지,75.51,10,49500,2024-11-22,2000,고잔동
molit,초지역메이저타운푸르지오파크단지,84.8438,13,73500,2024-11-26,2019,초지동
molit,e편한세상선부파크플레이스1차,84.98,6,55700,2024-11-26,2018,선부동
molit,공작한양(고층),42.615,1,17600,2024-11-30,1992,선부동
molit,호수마을풍림,118.96,11,55500,2024-11-16,2000,초지동
molit,초지역메이저타운푸르지오메트로단지,72.7925,16,74500,2024-11-19,2019,초지동
molit,초지역메이저타운푸르지오메트로단지,48.3659,13,48750,2024-11-26,2019,초지동
molit,안산라프리모,74.8727,23,55500,2024-11-30,2020,선부동
molit,초지역메이저타운푸르지오에코단지,49.4932,12,49700,2024-11-26,2019,원곡동
molit,수정한양,49.98,3,22800,2024-11-04,1991,선부동
molit,한화꿈에그린,84.9146,13,49500,2024-11-18,2006,원곡동
molit,주공(9단지),54.9,12,31000,2024-11-28,1986,고잔동
molit,수정한양,84.975,4,38800,2024-11-23,1991,선부동
molit,군자주공14,39.61,5,18230,2024-11-11,1992,선부동
molit,푸르지오3차,84.96,7,70000,2024-11-16,2003,고잔동
molit,호수마을풍림,101.99,11,47000,2024-11-14,2000,초지동
molit,그린빌15(해맑음마을),59.97,4,36800,2024-11-12,2002,초지동
molit,주공그린빌12,75.99,14,44000,2024-11-11,2003,초지동
molit,군자주공9,39.27,4,27500,2024-11-29,1989,선부동
molit,네오빌6단지,84.5,10,52800,2024-11-24,2000,고잔동
molit,두산위브,59.991,4,29500,2024-11-25,2004,신길동
molit,안산레이크타운푸르지오,124.5428,40,218000,2024-11-22,2016,고잔동
molit,군자주공12,44.94,15,20000,2024-11-29,1991,선부동
molit,동명벽산블루밍,59.98,4,41200,2024-11-26,2010,선부동
molit,호수공원(대림1),87.152,7,56000,2024-11-28,2001,고잔동
molit,대우푸르지오5,84.916,2,56500,2024-11-25,2003,고잔동
molit,그린빌18,39.99,10,21600,2024-11-30,2001,초지동
molit,주공그린빌14단지,59.76,2,33000,2024-11-11,2002,초지동
molit,호수공원(대림1),117.92,1,73000,2024-11-21,2001,고잔동
molit,힐스테이트중앙,59.9633,14,66000,2024-11-25,2018,고잔동
molit,서해그랑블,84.962,9,48000,2024-11-14,2004,초지동
molit,호수마을풍림,84.96,14,43800,2024-11-13,2000,초지동
molit,군자주공12,38.64,3,22400,2024-11-08,1991,선부동
molit,대우푸르지오5,72.298,1,47400,2024-11-17,2003,고잔동
molit,그린빌18,39.3,1,18300,2024-11-16,2001,초지동
molit,그린빌18,39.8,11,19000,2024-11-09,2001,초지동
molit,서해그랑블,71.939,13,43000,2024-11-21,2004,초지동
molit,천년가리더스카이,59.126,7,33500,2024-11-14,2020,와동
molit,양지마을,84.838,15,55800,2024-11-16,2001,고잔동
molit,양지마을,101.913,9,64900,2024-11-20,2001,고잔동
molit,주공그린빌14단지,49.54,5,33800,2024-11-29,2002,초지동
molit,서해그랑블,71.939,3,39000,2024-11-14,2004,초지동
molit,호수마을풍림,74.35,8,40200,2024-11-15,2000,초지동
molit,안산8차푸르지오,84.9897,5,40000,2024-11-06,2006,원곡동
molit,고잔롯데캐슬골드파크,59.98,18,57300,2024-11-05,2018,고잔동
molit,안산메트로타운푸르지오힐스테이트,84.5304,18,49000,2024-11-14,2018,선부동
molit,호수마을풍림,84.96,1,41000,2024-11-16,2000,초지동
molit,주공8,54.9,13,28400,2024-11-18,1987,고잔동
molit,안산메트로타운푸르지오힐스테이트,59.8167,40,40000,2024-11-27,2018,선부동
molit,두산위브,84.98,10,55000,2024-11-20,2015,초지동
molit,군자주공12,44.94,6,23000,2024-11-09,1991,선부동
molit,군자주공15(고층),49.94,5,31000,2024-11-23,1993,선부동
molit,안산8차푸르지오,59.9624,8,38000,2024-11-25,2006,원곡동
molit,주공그린빌13단지,51.89,6,29900,2024-11-13,2002,초지동
molit,주공그린빌13단지,51.89,3,28000,2024-11-14,2002,초지동
molit,안산8차푸르지오,84.9897,5,42500,2024-11-13,2006,원곡동
molit,안산8차푸르지오,84.9897,5,43800,2024-11-09,2006,원곡동
molit,주공그린빌14단지,59.76,9,35000,2024-11-07,2002,초지동
molit,수정한양,49.98,1,23800,2024-11-21,1991,선부동
molit,삼익,84.96,12,30000,2024-11-23,1998,신길동
molit,삼익,59.59,17,26800,2024-11-19,1998,신길동
molit,군자주공15(고층),41.3,3,23000,2024-11-23,1993,선부동
molit,두산위브,59.98,4,45600,2024-11-18,2015,초지동
molit,안산라프리모,84.9673,25,60000,2024-11-23,2020,선부동
molit,안산8차푸르지오,84.9897,10,42000,2024-11-14,2006,원곡동
molit,산호한양,29.2725,8,14000,2024-11-22,1993,선부동
molit,주공그린빌14단지,40.62,10,19500,2024-11-02,2002,초지동
molit,주공그린빌13단지,51.89,9,28400,2024-11-18,2002,초지동
molit,안산메트로타운푸르지오힐스테이트,59.8167,33,42500,2024-11-23,2018,선부동
molit,안산아이파크,84.09,12,49000,2024-11-21,2013,신길동
molit,센트럴푸르지오,84.9604,7,85500,2024-11-09,2018,고잔동
molit,안산아이파크,84.09,12,49000,2024-11-21,2013,신길동
molit,군자주공12,38.64,9,22300,2024-11-22,1991,선부동
molit,군자주공12,38.64,9,22500,2024-11-15,1991,선부동
molit,푸르지오4차,59.7897,4,43000,2024-11-15,2003,고잔동
molit,주공그린빌9,75.79,3,51000,2024-11-15,2001,고잔동
molit,산호한양,50.085,4,21400,2024-11-20,1993,선부동
molit,산호한양,42.615,6,16750,2024-11-20,1993,선부동
molit,안산라프리모,99.4568,31,80000,2024-11-05,2020,선부동
molit,호수마을풍림,84.96,4,42400,2024-11-20,2000,초지동
molit,안산라프리모,84.9673,10,61000,2024-11-09,2020,선부동
molit,벽산블루밍,59.95,17,36500,2024-11-12,2004,원곡동
molit,공작한양(고층),42.615,2,19000,2024-11-15,1992,선부동
molit,안산푸르지오브리파크,59.7615,24,53000,2024-11-16,2023,원곡동
molit,푸르지오4차,59.7897,5,42500,2024-11-11,2003,고잔동
molit,휴먼빌2차,84.704,18,43000,2024-11-13,2007,신길동
molit,산호한양,29.2725,15,13700,2024-11-18,1993,선부동
molit,산호한양,42.615,2,18000,2024-11-15,1993,선부동
molit,주공그린빌14단지,59.76,9,35000,2024-11-07,2002,초지동
molit,보네르빌리지,89.081,1,47000,2024-11-11,2001,고잔동
molit,삼익,131.55,19,34000,2024-11-16,1998,신길동
molit,천년가리더스카이,74.9807,31,39800,2024-11-17,2020,와동
molit,주공(9단지),61.52,12,35000,2024-11-14,1986,고잔동
molit,안산푸르지오브리파크,59.9692,15,50000,2024-11-16,2023,원곡동
molit,초지역메이저타운푸르지오메트로단지,59.9761,21,60000,2024-11-13,2019,초지동
molit,주공8,75.24,6,36000,2024-11-04,1987,고잔동
molit,주공8,54.9,10,26300,2024-11-09,1987,고잔동
molit,그린빌15(해맑음마을),40.83,10,18400,2024-11-04,2002,초지동
molit,그린빌18,39.99,5,21000,2024-11-04,2001,초지동
molit,고잔롯데캐슬골드파크,84.96,13,72000,2024-11-11,2018,고잔동
molit,호수마을풍림,84.96,7,46400,2024-11-13,2000,초지동
molit,군자주공15(저층),39.61,5,20600,2024-11-12,1992,선부동
molit,군자주공15(고층),41.3,12,23300,2024-11-12,1993,선부동
molit,안산메트로타운푸르지오힐스테이트,59.8227,16,41800,2024-11-05,2018,선부동
molit,안산메트로타운푸르지오힐스테이트,74.7692,3,42800,2024-11-09,2018,선부동
molit,주공(9단지),64.62,1,32000,2024-11-11,1986,고잔동
molit,주공그린빌13단지,51.89,1,25800,2024-11-05,2002,초지동
molit,주공그린빌13단지,51.89,4,28200,2024-11-11,2002,초지동
molit,수정한양,69.895,2,35000,2024-11-04,1991,선부동
molit,안산레이크타운푸르지오,84.8499,37,95000,2024-11-02,2016,고잔동
molit,주공그린빌9,75.79,11,52200,2024-11-10,2001,고잔동
molit,효성,59.76,11,20300,2024-11-09,1997,선부동
molit,효성,59.76,2,19000,2024-11-04,1997,선부동
molit,네오빌6단지,84.5,4,49500,2024-11-02,2000,고잔동
molit,초지역메이저타운푸르지오메트로단지,48.3659,22,49000,2024-11-04,2019,초지동
molit,휴먼시아6단지,84.64,6,38900,2024-11-06,2009,신길동
molit,주공그린빌8,75.62,15,49000,2024-11-07,2001,고잔동
molit,주공7,61.52,10,32000,2024-11-05,1987,고잔동
molit,안산중흥S클래스더퍼스트,84.8856,28,51000,2024-11-07,2024,선부동
molit,두산위브,59.991,9,30200,2024-11-01,2004,신길동
molit,초지역메이저타운푸르지오에코단지,49.4932,4,45000,2024-11-04,2019,원곡동
molit,그린빌15(해맑음마을),49.98,5,28700,2024-11-06,2002,초지동
molit,주공그린빌14단지,59.76,8,35500,2024-11-05,2002,초지동
molit,군자주공14,39.61,1,18500,2024-11-04,1992,선부동
molit,호수마을풍림,84.96,8,46700,2024-11-03,2000,초지동
molit,그린빌15(해맑음마을),40.83,8,20300,2024-11-05,2002,초지동
molit,수정한양,49.98,2,22800,2024-11-04,1991,선부동
molit,힐스테이트중앙,59.9929,16,69000,2024-11-04,2018,고잔동
molit,호수마을풍림,84.96,1,41470,2024-11-01,2000,초지동
molit,천년가리더스카이,59.4462,8,33000,2024-12-07,2020,와동
molit,군자주공12,44.94,13,21500,2024-12-30,1991,선부동
molit,호수마을풍림,84.96,8,47000,2024-12-25,2000,초지동
molit,호수마을풍림,84.96,9,47000,2024-12-25,2000,초지동
molit,군자주공12,38.64,13,21900,2024-12-28,1991,선부동
molit,양지마을,84.838,5,53000,2024-12-31,2001,고잔동
molit,안산아이파크,84.42,3,44400,2024-12-21,2013,신길동
molit,e편한세상선부파크플레이스1차,84.98,26,66000,2024-12-31,2018,선부동
molit,군자주공12,44.94,13,21500,2024-12-30,1991,선부동
molit,주공그린빌12,84.99,10,44000,2024-12-10,2003,초지동
molit,주공그린빌12,84.95,5,40000,2024-12-26,2003,초지동
molit,푸르지오4차,84.3128,1,50500,2024-12-31,2003,고잔동
molit,서해그랑블,84.962,1,40000,2024-12-31,2004,초지동
molit,안산라프리모,84.9673,23,58500,2024-12-26,2020,선부동
molit,대우푸르지오5,84.916,6,59800,2024-12-20,2003,고잔동
molit,호수마을풍림,84.96,9,47000,2024-12-25,2000,초지동
molit,안산아이파크,84.42,3,44400,2024-12-21,2013,신길동
molit,주공그린빌7,75.56,5,53700,2024-12-20,2001,고잔동
molit,푸르지오3차,71.55,22,60000,2024-12-26,2003,고잔동
molit,푸르지오4차,77.8241,10,53000,2024-12-31,2003,고잔동
molit,주공그린빌8,84.7,12,59000,2024-12-19,2001,고잔동
molit,안산아이파크,84.42,3,44400,2024-12-21,2013,신길동
molit,군자주공12,38.64,13,21900,2024-12-28,1991,선부동
molit,군자주공12,44.94,13,21500,2024-12-30,1991,선부동
molit,안산라프리모,84.9673,2,60300,2024-12-17,2020,선부동
molit,군자주공12,44.94,5,23000,2024-12-27,1991,선부동
molit,군자주공15(고층),41.3,14,23000,2024-12-28,1993,선부동
molit,안산푸르지오브리파크,59.8555,19,57600,2024-12-27,2023,원곡동
molit,e편한세상선부파크플레이스1차,84.98,26,66000,2024-12-31,2018,선부동
molit,초지역메이저타운푸르지오파크단지,59.9761,17,60000,2024-12-18,2019,초지동
molit,양지마을,69.546,8,49000,2024-12-23,2001,고잔동
molit,안산라프리모,84.9673,19,61000,2024-12-28,2020,선부동
molit,푸르지오1차,116.3445,5,95000,2024-12-21,2001,고잔동
molit,일신건영휴먼빌,84.991,13,29500,2024-12-13,2005,선부동
molit,서해그랑블,71.939,2,38000,2024-12-10,2004,초지동
molit,안산푸르지오브리파크,59.8555,32,56000,2024-12-26,2023,원곡동
molit,안산아이파크,84.42,7,47400,2024-12-20,2013,신길동
molit,주공그린빌14단지,40.62,1,17500,2024-12-13,2002,초지동
molit,호수공원(대림1),87.152,5,60000,2024-12-27,2001,고잔동
molit,주공(9단지),61.52,14,34500,2024-12-23,1986,고잔동
molit,벽산블루밍,84.99,10,40900,2024-12-29,2004,원곡동
molit,네오빌6단지,75.51,7,47000,2024-12-31,2000,고잔동
molit,푸르지오3차,84.96,18,69800,2024-12-24,2003,고잔동
molit,그린빌18,39.8,3,20800,2024-12-23,2001,초지동
molit,서해그랑블,100.994,9,52700,2024-12-19,2004,초지동
molit,그린빌18,49.41,3,25800,2024-12-28,2001,초지동
molit,안산메트로타운푸르지오힐스테이트,74.4993,29,46500,2024-12-25,2018,선부동
molit,이편한세상선부역어반스퀘어,59.93,23,51700,2024-12-27,2020,선부동
molit,휴먼시아4단지,74.53,2,33000,2024-12-07,2012,신길동
molit,주공그린빌8,84.7,7,59500,2024-12-13,2001,고잔동
molit,군자주공15(고층),41.3,8,21000,2024-12-28,1993,선부동
molit,군자주공14,39.61,4,18100,2024-12-25,1992,선부동
molit,주공그린빌8,84.7,1,50000,2024-12-24,2001,고잔동
molit,안산메트로타운푸르지오힐스테이트,74.7692,22,46800,2024-12-19,2018,선부동
molit,e편한세상초지역센트럴포레,59.974,27,59500,2024-12-21,2021,원곡동
molit,주공(9단지),66.56,1,30000,2024-12-30,1986,고잔동
molit,푸르지오1차,84.7828,10,59000,2024-12-28,2001,고잔동
molit,대우푸르지오5,72.298,12,52000,2024-12-20,2003,고잔동
molit,대우푸르지오5,84.916,8,60700,2024-12-22,2003,고잔동
molit,푸르지오1차,84.7828,10,59000,2024-12-28,2001,고잔동
molit,대우푸르지오5,84.916,6,59800,2024-12-20,2003,고잔동
molit,군자주공12,38.64,5,20800,2024-12-27,1991,선부동
molit,주공그린빌13단지,39.89,3,19800,2024-12-26,2002,초지동
molit,공작한양(저층),50.085,5,24500,2024-12-21,1992,선부동
molit,안산아이파크,72.4,12,41000,2024-12-07,2013,신길동
molit,안산라프리모,59.4504,13,47000,2024-12-19,2020,선부동
molit,주공그린빌9,75.79,8,50000,2024-12-23,2001,고잔동
molit,호수공원(대림1),87.152,6,60000,2024-12-21,2001,고잔동
molit,주공그린빌8,84.7,9,62500,2024-12-20,2001,고잔동
molit,주공그린빌13단지,51.89,5,28000,2024-12-17,2002,초지동
molit,호수마을풍림,84.96,5,44300,2024-12-16,2000,초지동
molit,e편한세상초지역센트럴포레,59.974,28,59000,2024-12-20,2021,원곡동
molit,호수공원(대림1),87.152,2,55500,2024-12-20,2001,고잔동
molit,벽산블루밍,119.18,16,49000,2024-12-26,2004,원곡동
molit,벽산블루밍,84.99,5,40000,2024-12-18,2004,원곡동
molit,주공그린빌12,84.95,5,40000,2024-12-09,2003,초지동
molit,그린빌15(해맑음마을),59.97,3,35800,2024-12-10,2002,초지동
molit,천년가리더스카이,59.4462,8,33000,2024-12-07,2020,와동
molit,그린빌15(해맑음마을),59.97,7,35000,2024-12-13,2002,초지동
molit,공작한양(저층),70.0025,5,29700,2024-12-16,1992,선부동
molit,단원마을금강펜테리움,62.82,3,46500,2024-12-01,2002,고잔동
molit,안산라프리모,74.926,35,53200,2024-12-14,2020,선부동
molit,호수공원(대림1),87.152,15,66000,2024-12-19,2001,고잔동
molit,주공그린빌11,84.99,7,48000,2024-12-24,2003,초지동
molit,공작한양(고층),84.88,8,38000,2024-12-20,1992,선부동
molit,안산메트로타운푸르지오힐스테이트,84.9123,44,52000,2024-12-15,2018,선부동
molit,안산중흥S클래스더퍼스트,59.6588,22,44500,2024-12-21,2024,선부동
molit,주공(9단지),61.52,8,35800,2024-12-21,1986,고잔동
molit,푸르지오4차,84.3128,13,52500,2024-12-07,2003,고잔동
molit,안산메트로타운푸르지오힐스테이트,59.8227,8,41700,2024-12-14,2018,선부동
molit,안산8차푸르지오,84.9897,3,42300,2024-12-20,2006,원곡동
molit,초지역메이저타운푸르지오메트로단지,59.9333,7,61700,2024-12-10,2019,초지동
molit,초지역메이저타운푸르지오파크단지,49.9999,13,49000,2024-12-19,2019,초지동
molit,군자주공14,40.0,1,20500,2024-12-16,1992,선부동
molit,그린빌18,49.41,5,22700,2024-12-16,2001,초지동
molit,호수공원(대림1),99.541,5,63000,2024-12-13,2001,고잔동
molit,안산메트로타운푸르지오힐스테이트,74.4993,20,45000,2024-12-11,2018,선부동
molit,군자주공15(저층),39.61,2,20200,2024-12-14,1992,선부동
molit,초지역메이저타운푸르지오파크단지,72.7925,25,70900,2024-12-05,2019,초지동
molit,고잔롯데캐슬골드파크,59.98,16,54500,2024-12-13,2018,고잔동
molit,안산8차푸르지오,59.9624,11,39000,2024-12-05,2006,원곡동
molit,수정한양,84.975,4,41500,2024-12-09,1991,선부동
molit,초지역메이저타운푸르지오에코단지,49.4932,29,49000,2024-12-13,2019,원곡동
molit,삼익,84.96,15,32000,2024-12-07,1998,신길동
molit,힐스테이트중앙,59.9929,17,65000,2024-12-07,2018,고잔동
molit,군자주공12,44.94,2,23000,2024-12-03,1991,선부동
molit,군자주공15(고층),41.3,6,22500,2024-12-17,1993,선부동
molit,군자주공11,39.66,5,20900,2024-12-11,1990,선부동
molit,삼익,84.96,2,30000,2024-12-09,1998,신길동
molit,안산아이파크,84.31,10,47400,2024-12-07,2013,신길동
molit,호수공원(대림1),99.541,1,59800,2024-12-10,2001,고잔동
molit,안산라프리모,74.926,14,53800,2024-12-14,2020,선부동
molit,초지역메이저타운푸르지오파크단지,72.7925,25,70900,2024-12-05,2019,초지동
molit,군자주공11,39.27,1,20000,2024-12-05,1990,선부동
molit,주공그린빌12,84.99,10,44000,2024-12-02,2003,초지동
molit,롯데캐슬더퍼스트,84.97,22,60000,2024-12-07,2018,초지동
molit,초지역메이저타운푸르지오파크단지,59.9333,33,61000,2024-12-04,2019,초지동
molit,휴먼시아4단지,74.91,7,36000,2024-12-12,2012,신길동
molit,주공(9단지),66.56,14,37500,2024-12-02,1986,고잔동
molit,호수마을풍림,142.78,24,65000,2024-12-09,2000,초지동
molit,두산위브,84.98,28,62000,2024-12-11,2015,초지동
molit,안산메트로타운푸르지오힐스테이트,74.4993,8,46000,2024-12-09,2018,선부동
molit,천년가리더스카이,59.126,17,35000,2024-12-08,2020,와동
molit,그린빌15(해맑음마을),49.98,4,24000,2024-12-09,2002,초지동
molit,안산메트로타운푸르지오힐스테이트,59.8167,2,40000,2024-12-04,2018,선부동
molit,안산메트로타운푸르지오힐스테이트,59.8167,20,41000,2024-12-03,2018,선부동
molit,초지역메이저타운푸르지오파크단지,49.9999,18,49000,2024-12-01,2019,초지동
molit,한화꿈에그린,84.9146,18,48000,2024-12-03,2006,원곡동
molit,초지역메이저타운푸르지오메트로단지,48.3659,13,52000,2024-12-04,2019,초지동
molit,주공그린빌13단지,51.89,6,30000,2024-12-06,2002,초지동
molit,군자주공12,38.64,2,20500,2024-12-05,1991,선부동
molit,주공그린빌9,84.7,8,55000,2024-12-05,2001,고잔동
molit,안산메트로타운푸르지오힐스테이트,74.4993,27,46800,2024-12-03,2018,선부동
